Title,Content,WordFrequency,TopKeywords,Summary
反制藍白國會擴權！民進黨團將提「釋憲」,記者凌毓鈞、戴偉臣 / 台北報導 擴權法案三讀通過，行政院表示，等收到法案後將提出覆議，但如果沒超過二分之一的立委支持覆議就失敗，等到總統公布法令，民進黨團預計會聲請釋憲。不過法界人士建議，除了可提釋憲外，如果要暫緩實施法律，還必須聲請「暫時處分」。 抗議民眾（05.28）：「公民捍衛民主，公民捍衛民主！」 國會擴權法在抗議聲中三讀通過，執政黨要反制，將先覆議再釋憲。 民進黨團幹事長吳思瑤：「我們立院黨團已經在規劃中的，我們釋憲的聲請作業，都會依據程序來進行。行政院也已經表明他們即將要提起覆議，民進黨團是尊重。」 總統府發言人郭雅慧：「在社會高度疑慮當中，立法院還是三讀通過相關爭議性的法案，相信這並非台灣社會的共同期待，立法院的民進黨團也宣布要聲請釋憲，總統府都皆予以尊重。」 行政院收到法案後將提出覆議，立法院15天內必須處理，如果沒有超過二分之一立委支持，覆議失敗。就目前藍白聯手的狀況，覆議成功機率低，總統在10天內得公告法案，民進黨團將在法案公告3天後聲請釋憲。 律師洪維駿：「憲法法庭的案件量也不少，所以一個案件從聲請到受理，到憲法法庭做出裁決，會需要相當的時間，如果要阻止總統公布的法規去做適用的話，還必須同時聲請暫時處分，才能達成這樣的目的。」 我國釋憲史上唯一一次針對新法條做出暫停適用的決定，是2005年針對戶籍法第8條第2項第3款，要求按捺指紋才能請領新版身分證，當時大法官會議認定牴觸憲法保障人民資訊隱私權，最終法令失效，當時聲請釋憲的提案立委就是現任總統賴清德。歷經1年3個月，這次執政黨將為了國會擴權法案，再請憲法法庭主持公道。 國民黨最可能被罷免的立委？網竟點名了他,"Counter({'法案': 7, '覆議': 7, '釋憲': 6, '民進': 5, '黨團': 5, '如果': 4, '立委': 4, '總統': 4, '通過': 3, '行政院': 3, '立法院': 3, '憲法': 3, '法庭': 3, '擴權': 2, '三讀': 2, '收到': 2, '後將': 2, '提出': 2, '二分之一': 2, '支持': 2, '失敗': 2, '公布': 2, '法令': 2, '還必須': 2, '暫時': 2, '處分': 2, '公民': 2, '捍衛': 2, '民主': 2, '國會': 2, '執政黨': 2, '我們': 2, '已經': 2, '尊重': 2, '總統府': 2, '社會': 2, '天內': 2, '公告': 2, '案件': 2, '做出': 2, '適用': 2, '才能': 2, '記者': 1, '凌毓鈞': 1, '戴偉臣': 1, '台北': 1, '報導': 1, '表示': 1, '沒超過': 1, '等到': 1, '預計會聲': 1, '不過': 1, '法界': 1, '人士': 1, '建議': 1, '除了': 1, '提釋': 1, '憲外': 1, '暫緩': 1, '實施': 1, '法律': 1, '抗議民眾': 1, '05.28': 1, '擴權法': 1, '抗議聲': 1, '中三讀': 1, '反制': 1, '將先': 1, '幹事長': 1, '吳思瑤': 1, '立院': 1, '規劃': 1, '作業': 1, '依據': 1, '程序': 1, '進行': 1, '表明': 1, '他們': 1, '將要': 1, '提起': 1, '發言人': 1, '郭雅慧': 1, '高度': 1, '疑慮': 1, '當中': 1, '還是': 1, '相關': 1, '爭議性': 1, '相信': 1, '這並': 1, '非台灣': 1, '共同': 1, '期待': 1, '宣布': 1, '要聲': 1, '予以': 1, '15': 1, '必須': 1, '處理': 1, '沒有': 1, '超過': 1, '目前': 1, '藍白': 1, '聯手': 1, '狀況': 1, '成功': 1, '機率': 1, '10': 1, '團將': 1, '天後聲': 1, '律師': 1, '洪維駿': 1, '不少': 1, '所以': 1, '一個': 1, '從聲': 1, '受理': 1, '裁決': 1, '需要': 1, '相當': 1, '時間': 1, '阻止': 1, '法規去': 1, '同時聲': 1, '達成': 1, '這樣': 1, '目的': 1, '我國釋': 1, '憲史': 1, '唯一': 1, '一次': 1, '針對': 1, '新法': 1, '暫停': 1, '決定': 1, '2005': 1, '年針': 1, '戶籍': 1, '條第': 1, '要求': 1, '按捺': 1, '指紋': 1, '請領': 1, '新版': 1, '身分': 1, '當時': 1, '大法官': 1, '會議': 1, '認定': 1, '觸憲法': 1, '保障': 1, '人民': 1, '資訊隱': 1, '私權': 1, '最終': 1, '失效': 1, '當時聲': 1, '提案': 1, '就是': 1, '現任': 1, '賴清德': 1, '歷經': 1, '這次': 1, '將為': 1, '主持公道': 1, '國民黨': 1, '可能': 1, '罷免': 1, '網竟': 1, '點名': 1})","{'法案': 7, '覆議': 7, '釋憲': 6, '民進': 5, '黨團': 5, '如果': 4, '立委': 4, '總統': 4, '通過': 3, '行政院': 3}",台灣國會通過了擴權法案，引發民眾抗議和政治動盪。行政院表示將提出覆議，但成功需要超過半數立委支持，否則失敗。民進黨預計將聲請釋憲，並建議聲請「暫時處分」以暫緩法案實施。釋憲需要時間，並可能牽涉到法律的實施暫停。過去唯一一次成功針對新法暫停適用的案例是2005年針對戶籍法，最後法令失效。此次
男搶劫女店員反挨狂揍！她真實身分超驚人,文／CTWANT ▲男子路過一家商店，並試圖搶劫。（示意圖／翻攝自Pixabay） 阿根廷一名男子在深夜時分路過一家商店，並試圖透過服務窗口搶劫時，恰好遇上了同時為踢拳（Kickboxing）專家的女店員亞內拉（Yanela Cacere），因此遭受到猛烈的拳頭攻擊，最後只能落荒而逃。 根據外媒《每日郵報》（Daily Mail）的報導，事情發生在當地時間5月22日，從監視器畫面可以看到，外面天色昏暗，有一名男子透過關閉的服務窗口向店內的亞內拉搭話，表示想要一瓶礦泉水，而當亞內拉拿著水瓶並開啟服務窗口時，對方卻試圖翻窗闖進室內。 很快地，亞內拉趕緊丟下手中的水瓶，往男子頭上狂揍超過10拳，並試圖抓住對方的衣服阻止他逃跑，但男子最終還是鑽回去，兩手空空地逃走了，而亞內拉則再次將服務窗口的窗戶鎖上。 事發過後，亞內拉表示，當時男子先詢問她香菸，但她告訴對方商店並沒有售賣，男子則再問她是否能喝水，就發生了上述的事情。 亞內拉進一步透露，自己其實是踢拳專家，她當時想以手臂鎖住對方，也因為揮拳的力量太大，指關節都流了血。不過，據了解，目前還不清楚當地警方是否有收到相關的搶劫報案。 延伸閱讀 露天泡澡悲劇了！浴缸慘變「大水蟻濃湯」,"Counter({'男子': 7, '窗口': 4, '對方': 4, '商店': 3, '並試': 3, '服務': 3, '亞內': 3, '一家': 2, '一名': 2, '專家': 2, '事情': 2, '發生': 2, '當地': 2, '表示': 2, '水瓶': 2, '當時': 2, '是否': 2, 'CTWANT': 1, '路過': 1, '示意': 1, '翻攝': 1, 'Pixabay': 1, '阿根廷': 1, '深夜': 1, '分路': 1, '圖透過': 1, '搶劫時': 1, '恰好': 1, '遇上': 1, '同時': 1, 'Kickboxing': 1, '店員亞': 1, '內拉': 1, 'Yanela': 1, 'Cacere': 1, '因此': 1, '遭受': 1, '猛烈': 1, '拳頭': 1, '攻擊': 1, '只能': 1, '落荒而逃': 1, '根據': 1, '外媒': 1, '每日': 1, '郵報': 1, 'Daily': 1, 'Mail': 1, '報導': 1, '時間': 1, '22': 1, '監視器': 1, '畫面': 1, '可以': 1, '看到': 1, '外面': 1, '天色': 1, '昏暗': 1, '透過': 1, '關閉': 1, '向店': 1, '想要': 1, '一瓶': 1, '泉水': 1, '當亞': 1, '內拉拿著': 1, '並開啟': 1, '試圖': 1, '翻窗': 1, '進室': 1, '很快': 1, '趕緊': 1, '丟下': 1, '手中': 1, '頭上': 1, '超過': 1, '10': 1, '抓住': 1, '衣服': 1, '阻止': 1, '逃跑': 1, '最終': 1, '還是': 1, '回去': 1, '兩手': 1, '空空': 1, '逃走': 1, '而亞': 1, '內拉則': 1, '再次': 1, '將服務': 1, '窗戶鎖': 1, '事發過': 1, '先詢問': 1, '香菸': 1, '告訴': 1, '並沒': 1, '有售': 1, '則再問': 1, '喝水': 1, '上述': 1, '亞內拉進': 1, '一步': 1, '透露': 1, '自己': 1, '其實': 1, '手臂': 1, '鎖住': 1, '因為': 1, '揮拳': 1, '力量': 1, '指關節': 1, '流了血': 1, '不過': 1, '了解': 1, '目前': 1, '還不': 1, '清楚': 1, '警方': 1, '收到': 1, '相關': 1, '報案': 1, '延伸': 1, '閱讀': 1, '露天': 1, '泡澡': 1, '悲劇': 1, '浴缸': 1, '慘變': 1, '大水': 1, '濃湯': 1})","{'男子': 7, '窗口': 4, '對方': 4, '商店': 3, '並試': 3, '服務': 3, '亞內': 3, '一家': 2, '一名': 2, '專家': 2}",阿根廷一名男子在深夜路過一家商店時，試圖搶劫，卻遇上了踢拳專家女店員亞內拉。畫面顯示，當男子試圖翻窗進入時，亞內拉猛烈揍了他超過10拳，最終男子落荒而逃。亞內拉指出，男子先詢問香菸後又詢問飲水，才引發搶劫。她進一步透露自己是踢拳專家，揮拳時指關節都流了血。目前還
三商巧福湯匙難用？饕客反讚：餐飲業最頂,生活中心／柯美儀報導 ▲有網友抱怨三商巧福內用的湯匙很重。（圖／翻攝自三商巧福臉書） 牛肉麵連鎖店「三商巧福」在台灣深耕41年，是台灣第一家台式料理速食餐廳，擁有許多忠實顧客。近日一名網友到三商巧福用餐，抱怨內用湯匙有夠重，引發熱議，對此，不少網友反而覺得「這種湯匙才是好的」。 原PO在PTT發文表示，每次到三商巧福內用，最不能理解的就是餐廳使用的陶瓷湯匙，不僅拿起來很重，不慎敲到牙齒還相當痛，讓他不禁皺眉直呼「沒人發現三商巧福湯匙有夠重嗎」？ 貼文一出，引發討論，多數網友支持三商巧福使用陶瓷材質的湯匙，認為這樣才能避免吃到塑化劑，「至少不是美耐皿那種」、「我倒覺得是優點」、「這種湯匙才是好的」、「不會有塑化劑的湯匙讚」、「已經很少店家願意用這種湯匙了」、「餐飲業最頂」。 還有網友笑說「去三商巧福就是要聽湯匙跟碗觸碰，發出鏘鏘聲才對味」；不過也有網友反映，有些三商巧福分店已經把湯匙換掉了。 交情普「喜宴1桌2萬6」包多少？網曝1數字,"Counter({'湯匙': 10, '網友': 6, '三商巧福': 4, '商巧福': 4, '內用': 3, '這種': 3, '抱怨': 2, '很重': 2, '台灣': 2, '餐廳': 2, '有夠': 2, '引發': 2, '覺得': 2, '就是': 2, '使用': 2, '陶瓷': 2, '塑化': 2, '已經': 2, '生活': 1, '中心': 1, '柯美儀': 1, '報導': 1, '翻攝': 1, '自三商': 1, '巧福': 1, '臉書': 1, '牛肉': 1, '連鎖店': 1, '深耕': 1, '41': 1, '第一家': 1, '台式': 1, '料理': 1, '速食': 1, '擁有': 1, '許多忠實': 1, '顧客': 1, '近日': 1, '一名': 1, '用餐': 1, '熱議': 1, '對此': 1, '不少': 1, '反而': 1, 'PO': 1, 'PTT': 1, '發文': 1, '表示': 1, '每次': 1, '不能': 1, '理解': 1, '不僅': 1, '起來': 1, '不慎': 1, '敲到': 1, '牙齒': 1, '還相': 1, '當痛': 1, '不禁': 1, '皺眉': 1, '直呼': 1, '沒人': 1, '發現': 1, '貼文': 1, '一出': 1, '討論': 1, '多數': 1, '支持': 1, '材質': 1, '認為': 1, '這樣': 1, '才能': 1, '避免': 1, '至少': 1, '不是': 1, '美耐皿': 1, '那種': 1, '優點': 1, '不會': 1, '劑的湯': 1, '很少': 1, '店家': 1, '願意用': 1, '餐飲業': 1, '最頂': 1, '還有': 1, '碗觸': 1, '發出鏘鏘聲': 1, '對味': 1, '不過': 1, '反映': 1, '有些': 1, '分店': 1, '換掉': 1, '交情': 1, '喜宴': 1, '多少': 1, '數字': 1})","{'湯匙': 10, '網友': 6, '三商巧福': 4, '商巧福': 4, '內用': 3, '這種': 3, '抱怨': 2, '很重': 2, '台灣': 2, '餐廳': 2}",近日，一名網友在PTT上發文抱怨到台灣牛肉麵連鎖店「三商巧福」內用時，發現使用的陶瓷湯匙相當重，讓他覺得受不了，引發網友熱議。原PO希望大家能注意到這個問題，但其貼文卻讓許多人支持三商巧福使用陶瓷湯匙，認為這樣能避免塑化劑產生，並表示這才是好的湯匙，有網友更笑說「去三商巧福
離譜母摩鐵性交易　同行國小女兒也被猥褻,記者楊忠翰／台中報導 ▲張姓工人與女網友完成性交易後，又對她的國小女兒伸出狼爪。（示意圖，非當事人／資料照） 台中市1名張姓工人，去年7月間透過交友軟體結識女子小萱（化名），雙方約在台中市某汽車旅館性交易，小萱帶著國小女兒赴約；張男與小萱完事後，還進一步猥褻女童，甚至張男載送母女返家途中，又一次對女童伸出狼爪，一審法官判張男1年6月徒刑，張男不服提起上訴，二審法官予以緩刑5年。 檢警調查，去年7月底，張男透過交友軟體約小萱性交易，小萱先騎機車載女兒到彰化縣某超商，並由張男載送母女到麗寶樂園搭乘摩天輪，3人再一同入住汽車旅館，張男與小萱完成性交易後，仍進一步猥褻國小女童得逞。 事後張男開車載送母女返回超商，他先讓小萱單獨下車，再開車尾隨對方機車，直到返回小萱住家，張男趁女童下車時，再次對她伸出狼爪，小萱得知後氣憤報案，全案才得以曝光。 張男應訊時坦承犯行，一審法官依強制猥褻罪判他1年6月徒刑，張男認為量刑過重而上訴，並提出提出自白悔過書，自幼家貧未能升學，只能工作賺錢，又不慎從高樓摔落，導致右半邊手腳萎縮，因沒交過女朋友，內心自卑不平衡，才會犯下此案，他已賠償15萬元，與小萱達成和解，請求輕判。 二審法官認為，張男沒有前科，這次又是初犯，犯後態度良好，並與女童家屬達成和解，如期賠償15萬元，應無再犯之虞，遂改判緩刑5年，期間付保護管束，並提供60小時義務勞務及8場法治教育，全案仍可上訴。 獨／三總醫師被擄走！2煞鎮暴槍勒索400萬,"Counter({'小萱': 5, '女童': 5, '性交易': 4, '法官': 4, '伸出': 3, '母女': 3, '上訴': 3, '工人': 2, '完成': 2, '小女': 2, '台中市': 2, '去年': 2, '交友': 2, '軟體': 2, '旅館': 2, '一步': 2, '猥褻': 2, '一審': 2, '徒刑': 2, '二審': 2, '緩刑': 2, '車載': 2, '超商': 2, '返回': 2, '下車': 2, '全案': 2, '認為': 2, '提出': 2, '賠償': 2, '15': 2, '萬元': 2, '達成': 2, '和解': 2, '記者': 1, '楊忠翰': 1, '台中': 1, '報導': 1, '張姓': 1, '網友': 1, '的國': 1, '示意': 1, '非當事': 1, '資料': 1, '名張': 1, '月間': 1, '透過': 1, '結識': 1, '女子': 1, '化名': 1, '雙方約': 1, '某汽車': 1, '著國': 1, '完事': 1, '還進': 1, '甚至': 1, '張男載': 1, '返家': 1, '途中': 1, '一次': 1, '判張': 1, '不服': 1, '提起': 1, '予以': 1, '檢警': 1, '調查': 1, '月底': 1, '張男透過': 1, '騎機': 1, '女兒': 1, '彰化': 1, '並由張': 1, '男載': 1, '到麗寶樂園': 1, '搭乘': 1, '摩天': 1, '一同': 1, '入住': 1, '汽車': 1, '仍進': 1, '褻國': 1, '得逞': 1, '事後張': 1, '男開': 1, '單獨': 1, '開車': 1, '隨對方': 1, '機車': 1, '直到': 1, '住家': 1, '再次': 1, '得知': 1, '氣憤': 1, '報案': 1, '得以': 1, '曝光': 1, '張男應': 1, '坦承': 1, '犯行': 1, '依強制': 1, '罪判': 1, '張男': 1, '量刑': 1, '過重': 1, '自白': 1, '悔過': 1, '自幼': 1, '家貧': 1, '未能': 1, '升學': 1, '只能': 1, '工作': 1, '不慎': 1, '高樓': 1, '導致': 1, '右半': 1, '邊手': 1, '萎縮': 1, '沒交過': 1, '女朋友': 1, '內心': 1, '自卑': 1, '平衡': 1, '犯下': 1, '此案': 1, '請求': 1, '輕判': 1, '前科': 1, '這次': 1, '初犯': 1, '犯後態度': 1, '良好': 1, '並與': 1, '家屬': 1, '如期': 1, '再犯': 1, '之虞': 1, '改判': 1, '期間': 1, '付保護': 1, '管束': 1, '提供': 1, '60': 1, '小時': 1, '義務': 1, '勞務及': 1, '法治': 1, '教育': 1, '三總醫師': 1, '煞鎮': 1, '暴槍': 1, '勒索': 1, '400': 1})","{'小萱': 5, '女童': 5, '性交易': 4, '法官': 4, '伸出': 3, '母女': 3, '上訴': 3, '工人': 2, '完成': 2, '小女': 2}",一名張姓工人在台中透過交友軟體與女子小萱結交後，兩人進行性交易，甚至猥褻了小萱的國小女兒。案件曝光後，張男被一審法官判處1年6月徒刑，但他不服提起上訴。在二審中，法官考量張男沒有前科、初犯且有良好態度，最終改判緩刑5年，期間需付保護管束、提供義務勞務及法治教育。整個案件仍可上訴。
台中澄清醫院爆無差別攻擊！9醫護掛彩,記者林意筑／台中報導 ▲台中平等澄清醫院傳出醫護人員遭前員工毆傷。（圖／翻攝畫面） 台中澄清醫院驚傳無差別攻擊事件，一名49歲向姓男子之前曾是平等澄清醫院的員工，今（29）日上午8時許進入院區後，無故對著多名醫護人員揮拳攻擊，其他人員見狀後紛紛衝上前欲他壓制，不過卻反遭他毆傷，警方獲報到場後，將他依違反醫療法現行犯逮捕送辦，最後總計有9名醫護受傷，所幸均無生命危險。 據悉，向男多年前曾在澄清醫院平等院區擔任保全工作，昨日晚間向男與一名街友先到中區，像某旅社要求替街友辦理入住一個月，但遭業者拒絕，隨後向男便語無倫次對著櫃檯人員大罵、拍打玻璃後就離開。 直到今天上午向男又前往澄清醫院，他走進急診室後，對著辦公室內多名醫護人員拳打腳踢，甚至毀損大廳塑膠隔板、立牌，其他醫護人員見狀後都衝出來幫忙壓制，不過卻反遭攻擊，至少9名醫護人員受傷，無病患受到攻擊，所幸皆僅受輕傷、無大礙。 警方獲報到場發現向男徒手攻擊醫護人員共9人，均造成表皮擦挫輕傷無大礙，警方現場依違反醫療法現行犯上銬逮捕，後續偵辦中。 不良行為，請勿模仿！ 獨／三總醫師被擄走！2煞鎮暴槍勒索400萬,"Counter({'澄清': 5, '醫院': 5, '醫護': 5, '攻擊': 5, '平等': 3, '警方': 3, '毆傷': 2, '一名': 2, '多名': 2, '壓制': 2, '不過': 2, '反遭': 2, '獲報': 2, '到場': 2, '依違': 2, '反醫療': 2, '逮捕': 2, '名醫護': 2, '受傷': 2, '所幸': 2, '街友': 2, '人員': 2, '無大礙': 2, '記者': 1, '林意筑': 1, '台中': 1, '報導': 1, '傳出': 1, '人員遭': 1, '前員工': 1, '翻攝': 1, '畫面': 1, '驚傳': 1, '差別': 1, '事件': 1, '49': 1, '男子': 1, '之前': 1, '員工': 1, '29': 1, '上午': 1, '許進': 1, '入院': 1, '區後': 1, '無故': 1, '人員揮拳': 1, '其他人': 1, '員見': 1, '狀後紛': 1, '紛衝': 1, '上前': 1, '將他': 1, '法現': 1, '行犯': 1, '送辦': 1, '最後總計': 1, '生命': 1, '危險': 1, '據悉': 1, '多年': 1, '院區': 1, '擔任': 1, '保全': 1, '工作': 1, '昨日': 1, '晚間': 1, '先到': 1, '中區': 1, '旅社': 1, '要求': 1, '辦理': 1, '入住': 1, '一個': 1, '遭業者': 1, '拒絕': 1, '隨後向': 1, '語無倫次': 1, '著櫃': 1, '人員大': 1, '拍打': 1, '玻璃': 1, '離開': 1, '直到': 1, '今天上午': 1, '前往': 1, '進急': 1, '診室': 1, '著辦': 1, '公室': 1, '拳打': 1, '甚至': 1, '毀損': 1, '大廳': 1, '塑膠': 1, '隔板': 1, '立牌': 1, '其他': 1, '人員見': 1, '狀後都': 1, '衝出': 1, '幫忙': 1, '至少': 1, '病患': 1, '受到': 1, '僅受': 1, '輕傷': 1, '發現': 1, '徒手': 1, '人員共': 1, '造成': 1, '表皮': 1, '挫輕傷': 1, '現場': 1, '現行': 1, '犯上': 1, '偵辦': 1, '不良': 1, '行為': 1, '模仿': 1, '三總醫師': 1, '煞鎮': 1, '暴槍': 1, '勒索': 1, '400': 1})","{'澄清': 5, '醫院': 5, '醫護': 5, '攻擊': 5, '平等': 3, '警方': 3, '毆傷': 2, '一名': 2, '多名': 2, '壓制': 2}",台中平等澄清醫院發生一起無差別攻擊事件，前員工向男對多名醫護人員施暴，共有9名醫護人員受傷，幸好無生命危險。事發當時醫護人員試圖制伏向男，但反遭攻擊，警方已將向男逮捕送辦。向男此前曾在澄清醫院平等院區工作，昨日晚間因某旅社拒絕街友入住而表達不滿，翌日又走進澄清
獨／餐廳推處女和牛　民眾查編號：是公牛,記者王培驊、王翊軒 / 台北報導 一位民眾發文表示，高檔無菜單料理餐廳，標榜食材是「處女和牛」，也就是30個月內沒有交配的「雌牛」，不過根據店家照片查詢後，發現店內使用「公牛」，氣得控訴店家廣告不實，不過餐廳老闆回應，店內雖然主打「處女牛」，但店內和牛品項多，也有一般和牛和公牛，並非民眾所說的廣告不實。 一道道和牛全是無菜單料理，業者打出使用「處女和牛」，也就是30個月內沒有交配的「雌牛」，吃起來比較沒有乳臭味，藉此吸引客人，但卻被投訴廣告不實。 中華和牛國際交流協會理事長潘豪彬：「他強打這種日本和牛的處女牛為主題，但是我們發現裡面的內容，好像跟他講得不太一樣，他被查證出來都是公牛而不是母牛。」 民眾PO出和業者的對話截圖，因為最近「和牛過期」事件頻傳，要求店家提供食材、日期證明，店家也馬上回傳多張和牛照片，上頭都有註記有效期限，不過民眾注意到「和牛編號」，實際查詢後發現竟然不是處女牛，而是都是「閹割的公牛」認為受到欺騙。 當事店家：「只有日本和牛是處女牛，像澳洲的都不是處女牛，而且我們11道菜只有2道是處女牛，而且我們都會講，這個真的是處女牛，像這個都是同業跟我們一起進的，因為一起進貨肉會比較便宜一點。」 實際前往該店家詢問，老闆表示雖然主打「處女牛」，不過餐廳內和牛品項多，還會提供和牛貨源給火鍋店和燒肉店，擺在店內的不見得都是「處女牛」，當時傳給民眾的照片，也只是提供對方檢查是否過期，並非「處女牛」照片，懷疑是同業競爭才傳出謠言。 當事店家：「台北市本來（店家）生存就很困難，為什麼還要這樣子？是太閒嗎？」 市面上和牛價格肋眼菲力一公斤3千多，羽下肉一公斤1200至1800不等，而所謂的處女和牛、去勢公牛和一般和牛價格差異不大，但油花分布和口感會有些微不同，一般民眾較難分辨，不過也因為這次插曲，意外讓「處女和牛」被大眾知曉。 交情普「喜宴1桌2萬6」包多少？網曝1數字,"Counter({'處女': 9, '店家': 8, '公牛': 5, '不過': 4, '照片': 4, '我們': 4, '民眾': 3, '餐廳': 3, '廣告': 3, '不實': 3, '一般': 3, '不是': 3, '因為': 3, '提供': 3, '表示': 2, '無菜': 2, '料理': 2, '食材': 2, '就是': 2, '30': 2, '交配': 2, '雌牛': 2, '發現': 2, '使用': 2, '雖然': 2, '主打': 2, '牛品': 2, '項多': 2, '日本': 2, '過期': 2, '當事': 2, '只有': 2, '而且': 2, '這個': 2, '同業': 2, '一起': 2, '牛價格': 2, '公斤': 2, '記者': 1, '王培驊': 1, '王翊軒': 1, '台北': 1, '報導': 1, '一位': 1, '發文': 1, '高檔': 1, '標榜': 1, '根據': 1, '查詢': 1, '氣得': 1, '控訴': 1, '回應': 1, '店內': 1, '但店': 1, '並非民眾': 1, '一道道': 1, '全是': 1, '業者': 1, '打出': 1, '起來': 1, '臭味': 1, '藉此': 1, '吸引': 1, '客人': 1, '投訴': 1, '中華': 1, '牛國際': 1, '交流': 1, '協會': 1, '理事': 1, '潘豪彬': 1, '他強': 1, '這種': 1, '牛為': 1, '主題': 1, '但是': 1, '裡面': 1, '內容': 1, '好像': 1, '講得': 1, '一樣': 1, '查證': 1, '出來': 1, '母牛': 1, 'PO': 1, '出和業者': 1, '截圖': 1, '最近': 1, '事件': 1, '頻傳': 1, '要求': 1, '日期': 1, '證明': 1, '傳多張': 1, '上頭': 1, '有效期限': 1, '過民眾': 1, '注意': 1, '編號': 1, '實際查': 1, '詢後發現': 1, '竟然': 1, '而是': 1, '閹割': 1, '認為': 1, '受到': 1, '欺騙': 1, '澳洲': 1, '11': 1, '道菜': 1, '會講': 1, '真的': 1, '進貨肉會': 1, '便宜': 1, '一點': 1, '實際': 1, '前往': 1, '詢問': 1, '還會': 1, '貨源給': 1, '火鍋': 1, '店和燒': 1, '肉店': 1, '不見': 1, '當時': 1, '傳給民眾': 1, '只是': 1, '對方': 1, '檢查': 1, '是否': 1, '並非': 1, '懷疑': 1, '競爭': 1, '傳出': 1, '謠言': 1, '台北市': 1, '本來': 1, '生存': 1, '很困': 1, '什麼': 1, '還要': 1, '這樣子': 1, '太閒': 1, '市面上': 1, '眼菲力': 1, '千多': 1, '羽下': 1, '1200': 1, '1800': 1, '所謂': 1, '去勢': 1, '差異': 1, '不大': 1, '油花': 1, '分布': 1, '口感': 1, '有些': 1, '不同': 1, '分辨': 1, '這次': 1, '插曲': 1, '意外': 1, '大眾': 1, '知曉': 1, '交情': 1, '喜宴': 1, '多少': 1, '數字': 1})","{'處女': 9, '店家': 8, '公牛': 5, '不過': 4, '照片': 4, '我們': 4, '民眾': 3, '餐廳': 3, '廣告': 3, '不實': 3}",一位民眾投訴一家高檔無菜單料理餐廳標榜使用「處女和牛」，但根據店家照片查證後發現實際使用的是「公牛」，引發廣告不實的爭議。雖然店家回應表示餐廳內有多種和牛供應，並非全部都是「處女牛」，但民眾仍感受到被欺騙。中華和牛國際交流協會理事長指出，歷史上大多數和牛都是公牛而非處女牛。
黃仁勳成「3兆男」！登上全球15大富豪,輝達（NVIDIA）股價再創新高，28日收在1139.01美元，市值攀高至2.8兆美元，逼近蘋果（Apple）的2.91兆美元。黃仁勳的身價也隨著水漲船高，達到1000億美元大關，成為全球第15大富豪。 ▲黃仁勳淨資產躍升至1000億美元，折合約新台幣3.23兆元。（圖／記者王翊綺攝影） 受惠人工智慧（AI）浪潮，輝達營運爆炸性成長，第1季營收達260.4億美元，年增262%，預期第2季營收可望進一步攀高至280億美元，財報與展望皆優於市場預期。 此外，輝達決定進行1拆10股票分割計畫，激勵股價急遽走高，28日收盤達到1139.01美元，再創新高，據網站Companiesmarketcap統計，輝達市值2.8兆美元，逼近蘋果的2.91兆美元，居美股第3位。微軟（Microsoft）市值約3.2兆美元，居冠。 輝達今年以來市值激增1.578兆美元，增幅達129%。黃仁勳淨資產躍升至1000億美元，折合約新台幣3.23兆元，在彭博億萬富翁指數中成為全球第15大富翁。 新／黃仁勳、張忠謀大咖齊聚超難訂私廚！,"Counter({'美元': 13, '輝達': 5, '市值': 4, '仁勳': 4, '1000': 3, '股價': 2, '新高': 2, '28': 2, '1139.01': 2, '攀高': 2, '2.8': 2, '逼近': 2, '蘋果': 2, '2.91': 2, '全球': 2, '15': 2, '資產躍': 2, '升至': 2, '折合': 2, '台幣': 2, '3.23': 2, '兆元': 2, '預期': 2, 'NVIDIA': 1, '日收': 1, 'Apple': 1, '身價': 1, '隨著': 1, '水漲': 1, '達到': 1, '大關': 1, '成為': 1, '富豪': 1, '記者': 1, '王翊綺': 1, '攝影': 1, '受惠': 1, '人工智慧': 1, 'AI': 1, '浪潮': 1, '營運': 1, '爆炸性': 1, '成長': 1, '季營': 1, '收達': 1, '260.4': 1, '年增': 1, '262%': 1, '季營收': 1, '可望': 1, '一步': 1, '280': 1, '財報': 1, '展望': 1, '市場': 1, '此外': 1, '決定': 1, '進行': 1, '10': 1, '股票': 1, '分割': 1, '計畫': 1, '激勵': 1, '急遽': 1, '走高': 1, '日收盤': 1, '再創': 1, '網站': 1, 'Companiesmarketcap': 1, '統計': 1, '居美股': 1, '微軟': 1, 'Microsoft': 1, '3.2': 1, '居冠': 1, '今年': 1, '以來': 1, '激增': 1, '1.578': 1, '增幅': 1, '129%': 1, '彭博': 1, '億萬': 1, '富翁': 1, '指數': 1, '中成': 1, '大富翁': 1, '張忠謀大': 1, '咖齊': 1, '聚超': 1, '難訂': 1, '私廚': 1})","{'美元': 13, '輝達': 5, '市值': 4, '仁勳': 4, '1000': 3, '股價': 2, '新高': 2, '28': 2, '1139.01': 2, '攀高': 2}",輝達（NVIDIA）股價持續攀升，28日收盤報價達1139.01美元，市值達2.8兆美元，逼近蘋果（Apple）的市值。公司受到人工智慧浪潮的影響，營收大幅成長，預期第2季營收還將增長。同時，輝達宣布進行1比10的股票分割計畫，推升了股價。董事長黃仁勳的身價也跟著攀升，達到1000億美元，成為全球第15大
富國島丟包292台人　品保協會將提告詐欺,記者楊佩琪／台北報導 ▲傳出林大鈞找金主有意東山再起開旅行社，引發各界譁然。（資料照／記者林柏廷攝） 爆發欠款爭議，造成292名台灣旅客被丟包富國島，影響上百旅客無法出團的年代旅遊，繼被觀光署勒令停業3個月，開罰81萬元，台北地檢署也已主動分案，以涉犯詐欺等罪簽分他字案，交由民生專組檢察官偵辦。卻傳出年代旅遊負責人林大鈞想東山再起，找到金主成立新的旅行社。中華民國旅行行業品質保障協會決定將於30日上午，赴台北地檢署對林大鈞及員工等人提告詐欺。 全案源於農曆年節期間，一共292名台灣旅客參加年代旅遊的富國島旅行團後被丟包當地，引發軒然大波。也有越來越多原本預計出遊的旅客，踢爆年代旅遊收了錢，卻連機票都沒買、飯店也沒訂，不排除年代旅遊財務出現黑洞且有擴大趨勢，觀光署因此勒令年代旅遊(美加國際旅行社)停業3個月。 之後觀光署並宣布對年代旅遊開罰81萬元，繳款期限為3月4日，若未繳，將被撤照，林大鈞5年內也不能再經營旅行社。署長周永暉並表示，若可舉證詐欺行為，將會依詐欺罪將林大鈞移送法辦。中華民國旅行業品質保障協會也宣布將年代旅遊出會。 品保協會理事長張永成痛批，觀光署曾會同品保協會到年代旅遊稽查，當時林大鈞在場，也做了相當多承諾，但問題一次爆發，林大鈞所有承諾也通通沒兌現，且銀行帳戶內根本是0，顯然錢一進來立刻就移走，如此財務有嚴重瑕疵卻來繼續接團「根本蓄意詐騙」。 但對此，年代旅遊負責人林大鈞卻兩手一攤，從事件爆發初期還信誓旦旦強調「公司財務沒問題」，發聲明改口「美加國際旅行社有限公司因財務困難無法對旅客負起賠償責任及出團責任」，更引發各界撻伐。 獨／三總醫師被擄走！2煞鎮暴槍勒索400萬,"Counter({'年代': 10, '旅遊': 9, '林大鈞': 7, '旅行社': 5, '旅客': 5, '台北': 3, '引發': 3, '爆發': 3, '觀光署': 3, '旅行': 3, '記者': 2, '傳出': 2, '金主': 2, '東山': 2, '再起': 2, '各界': 2, '292': 2, '名台灣': 2, '丟包': 2, '富國島': 2, '無法': 2, '出團': 2, '勒令': 2, '停業': 2, '開罰': 2, '81': 2, '萬元': 2, '地檢署': 2, '負責人': 2, '中華民國': 2, '保障': 2, '協會': 2, '財務': 2, '美加': 2, '國際': 2, '宣布': 2, '問題': 2, '根本': 2, '楊佩琪': 1, '報導': 1, '有意': 1, '資料': 1, '林柏廷': 1, '欠款': 1, '爭議': 1, '造成': 1, '影響': 1, '上百': 1, '繼被': 1, '已主動': 1, '分案': 1, '以涉': 1, '犯詐': 1, '簽分': 1, '字案': 1, '交由': 1, '民生': 1, '專組': 1, '檢察官': 1, '偵辦': 1, '找到': 1, '成立': 1, '行業': 1, '品質': 1, '決定將': 1, '30': 1, '上午': 1, '及員工': 1, '提告': 1, '案源': 1, '節期間': 1, '一共': 1, '參加': 1, '團後被': 1, '當地': 1, '軒然': 1, '大波': 1, '越來': 1, '原本': 1, '預計': 1, '出遊': 1, '旅遊收': 1, '連機票': 1, '飯店': 1, '沒訂': 1, '排除': 1, '出現': 1, '黑洞': 1, '擴大': 1, '趨勢': 1, '因此': 1, '之後觀': 1, '光署並': 1, '繳款': 1, '期限': 1, '若未繳': 1, '將被': 1, '撤照': 1, '不能': 1, '經營': 1, '署長': 1, '周永暉並': 1, '表示': 1, '可舉': 1, '證詐': 1, '欺行': 1, '將會': 1, '依詐': 1, '欺罪': 1, '將林大鈞': 1, '移送': 1, '法辦': 1, '業品質': 1, '出會': 1, '品保協會': 1, '理事': 1, '張永成': 1, '痛批': 1, '曾會': 1, '同品': 1, '保協會': 1, '稽查': 1, '當時': 1, '在場': 1, '相當': 1, '多承諾': 1, '一次': 1, '所有': 1, '承諾': 1, '通通': 1, '兌現': 1, '銀行': 1, '帳戶': 1, '顯然': 1, '進來': 1, '立刻': 1, '移走': 1, '如此': 1, '財務有': 1, '嚴重': 1, '瑕疵': 1, '繼續': 1, '接團': 1, '蓄意': 1, '詐騙': 1, '兩手': 1, '一攤': 1, '事件': 1, '初期': 1, '信誓旦旦': 1, '強調': 1, '公司': 1, '發聲明': 1, '改口': 1, '有限公司': 1, '因財務': 1, '困難': 1, '負起': 1, '賠償責': 1, '任及': 1, '責任': 1, '三總醫師': 1, '煞鎮': 1, '暴槍': 1, '勒索': 1, '400': 1})","{'年代': 10, '旅遊': 9, '林大鈞': 7, '旅行社': 5, '旅客': 5, '台北': 3, '引發': 3, '爆發': 3, '觀光署': 3, '旅行': 3}",年代旅遊爆發欠款爭議，造成292名台灣旅客被丟包富國島事件引發譁然。觀光署勒令停業3個月並罰款81萬元，台北地檢署已展開詐欺案調查。林大鈞被指欲找金主東山再起開旅行社，引起中華民國旅行行業品質保障協會提告詐欺。品保協會理事長指控林大鈞有詐欺行為，反擊林大鈞則稱公司財務
新／黃仁勳、張忠謀大咖齊聚超難訂私廚！,記者王翊綺／台北報導 ▲黃仁勳、張忠謀、林百里再訪「鄒記食舖」，圖為今年1月底於該店用餐畫面。（圖／翻攝自Eric Koh臉書） 輝達（NVIDIA）執行長黃仁勳來台，一舉一動受到關注，今（29）晚再訪台北超難預約的的私廚餐廳「鄒記食舖」用餐，同行者還有台積電（2330）創辦人張忠謀、廣達（2382）董事長林百里等人，堪稱「AI大佬」們齊聚！據悉該店也是林百里和鴻海（2317）創辦人郭台銘的愛店，年初林百里就曾帶黃仁勳前往，本次再訪可見一吃就上癮。 鄒記食舖被稱為最難預約的私廚餐廳之一，不僅採全預約制，還必須是熟客才能訂到位子，且店裡一次只接待2桌客人，預約早已整年都客滿。 新／黃仁勳、張忠謀大咖齊聚超難訂私廚！,"Counter({'百里': 4, '仁勳': 3, '鄒記食': 3, '預約': 3, '私廚': 3, '台北': 2, '張忠謀': 2, '再訪': 2, '用餐': 2, '餐廳': 2, '創辦': 2, '記者': 1, '王翊綺': 1, '報導': 1, '圖為': 1, '今年': 1, '月底': 1, '畫面': 1, '翻攝': 1, 'Eric': 1, 'Koh': 1, '臉書': 1, '輝達': 1, 'NVIDIA': 1, '執行長': 1, '一舉': 1, '一動': 1, '受到': 1, '關注': 1, '29': 1, '晚再訪': 1, '超難': 1, '同行者': 1, '還有': 1, '台積電': 1, '2330': 1, '廣達': 1, '2382': 1, '董事': 1, '堪稱': 1, 'AI': 1, '大佬': 1, '齊聚': 1, '據悉': 1, '和鴻海': 1, '2317': 1, '郭台銘': 1, '愛店': 1, '年初': 1, '帶黃仁勳': 1, '前往': 1, '本次': 1, '可見': 1, '最難': 1, '之一': 1, '不僅': 1, '採全': 1, '預約制': 1, '還必須': 1, '熟客': 1, '才能': 1, '訂到': 1, '位子': 1, '店裡': 1, '一次': 1, '接待': 1, '客人': 1, '早已': 1, '整年': 1, '客滿': 1, '張忠謀大': 1, '咖齊': 1, '聚超': 1, '難訂': 1})","{'百里': 4, '仁勳': 3, '鄒記食': 3, '預約': 3, '私廚': 3, '台北': 2, '張忠謀': 2, '再訪': 2, '用餐': 2, '餐廳': 2}",輝達（NVIDIA）執行長黃仁勳再次造訪台北知名私廚餐廳「鄒記食舖」用餐，同行者包括台積電創辦人張忠謀、廣達董事長林百里等人，引發高度關注。這次餐廳行動被形容為「AI大佬」們齊聚，並彰顯出該餐廳的高受歡迎程度，一於揭露該餐廳為業界重要人士的聚會場所。「鄒記食
周湯豪唱到一半險被撞下舞台！全場看傻眼,記者鄭尹翔／台北報導 ▲周湯豪唱到一半被攝影機撞飛差點跌落舞台。（圖／翻攝自周湯豪IG） 歌手周湯豪近日在社群媒體曬出一段影片，開頭就寫著「我在演唱會唱到一半被撞飛」，而畫面中則是攝影機的視角，當周湯豪唱到一半，就突然往他的方向直直衝，整個人就是要往觀眾的方向跌落，還好當時有人幫他扶了一把，不然不只跌倒，還會整個人掉下去。 ▲周湯豪唱到一半被攝影機撞飛差點跌落舞台。（圖／翻攝自周湯豪IG） 周湯豪曬出自己被撞飛的影片，發文還寫著「尬Damn」，而影片中，原本正在台上賣力演出，沒想到舞台前方的軌道攝影機，突然往前衝，但一不小心衝過頭，就直接把周湯豪給撞飛，撞擊力道之大，還讓他一度差點摔下舞台跌入觀眾群。 ▲周湯豪日前演出差點跌落舞台。（圖／環球音樂提供） 有粉絲透露這是周湯豪在馬來西亞站的演出，但這被撞飛的畫面曝光，粉絲則是留言笑說「好可愛」，因為周湯豪被撞之後，傻眼的表情超可愛，但也有粉絲要周湯豪注意安全，而周湯豪在影片字幕上也說「我真的嚇爛」、「差點就噴出去」。 ※ 本網頁已閒置超過5分鐘，請點擊右上關閉鈕，即可關閉。 周湯豪唱到一半險被撞下舞台！全場看傻眼 驚險影片一刀未剪 | 娛樂星聞,"Counter({'舞台': 6, '周湯': 5, '一半': 5, '差點': 5, '周湯豪': 5, '影片': 5, '攝影機': 4, '跌落': 4, '湯豪': 4, '豪唱到': 3, '演出': 3, '翻攝': 2, '自周': 2, 'IG': 2, '畫面': 2, '突然': 2, '方向': 2, '整個': 2, '觀眾': 2, '傻眼': 2, '記者': 1, '尹翔': 1, '台北': 1, '報導': 1, '歌手': 1, '近日': 1, '社群': 1, '媒體': 1, '一段': 1, '開頭': 1, '演唱': 1, '會唱到': 1, '中則': 1, '視角': 1, '當周': 1, '直直衝': 1, '就是': 1, '要往': 1, '還好': 1, '當時': 1, '有人': 1, '一把': 1, '不然': 1, '跌倒': 1, '還會': 1, '掉下去': 1, '豪曬出': 1, '自己': 1, '發文': 1, '還寫': 1, 'Damn': 1, '原本': 1, '正在': 1, '台上': 1, '賣力': 1, '想到': 1, '前方': 1, '軌道': 1, '往前': 1, '一不小心': 1, '衝過頭': 1, '直接': 1, '豪給': 1, '撞擊': 1, '力道': 1, '之大': 1, '還讓': 1, '一度': 1, '跌入': 1, '日前': 1, '環球': 1, '音樂': 1, '提供': 1, '粉絲': 1, '透露': 1, '這是': 1, '西亞站': 1, '這被': 1, '曝光': 1, '粉絲則': 1, '留言': 1, '因為': 1, '表情': 1, '超可愛': 1, '粉絲要': 1, '注意安全': 1, '而周': 1, '字幕': 1, '真的': 1, '嚇爛': 1, '就噴': 1, '出去': 1, '本網': 1, '閒置': 1, '超過': 1, '分鐘': 1, '請點': 1, '擊右': 1, '上關': 1, '閉鈕': 1, '即可': 1, '關閉': 1, '全場': 1, '驚險': 1, '一刀': 1, '娛樂星聞': 1})","{'舞台': 6, '周湯': 5, '一半': 5, '差點': 5, '周湯豪': 5, '影片': 5, '攝影機': 4, '跌落': 4, '湯豪': 4, '豪唱到': 3}",歌手周湯豪在演唱會上唱到一半時，被攝影機撞飛差點跌落舞台，全程被攝影機拍攝下來。周湯豪在社群媒體分享了這段影片，雖然被撞得措手不及，但最終被幸運地扶住，沒有從舞台上跌落。粉絲紛紛留言說周湯豪的反應超可愛，但也提醒他要注意安全，周湯豪則表示自己真的被嚇到了。演唱會
快樂天堂基金會5年500萬　挹注健保專戶,三立新聞／綜合報導 健保署設置「健保愛心專戶」，幫助弱勢的民眾繳交健保費，快樂天堂基金會拋磚引玉，今年起每年捐一百萬，五年五百萬，幫助更多人。 快樂天堂基金會將愛傳出去，今年起每年捐給健保署一百萬，五年一共五百萬，協助中彰投地區遭逢急難的弱勢民眾繳納健保欠費，共同守護弱勢家庭度過生命難關。 中區健保局業務組組長丁增輝：「那這22年其實有一些民眾，他都持續的捐款給我們，其中有些已經持續捐款20幾年，我們會善用大家捐的善款，好好的照顧當地資源比較缺乏的民眾 。」 「健保愛心專戶」九十一年設立，二十多年來，累積捐款六千多萬，到去年為止幫助五千多人，記者會現場還有一段感人故事，廖爸爸的兒子在大阪工作猝死，無力帶回台灣安葬，快樂天堂基金會克服困難，最終把死者的骨灰帶回家。 快樂天堂基金會董事長張雪如：「那我們希望發起就是能夠拋磚引玉，讓每一個慈善家每一個人，然後我們來幫助這些，在弱勢裡面繳不起健保費的這些人，那我們把愛傳出去 。」 健保署攜手快樂天堂基金會，透過多元管道援助經濟困難的民眾繳交健保費，延續愛的傳遞。 交情普「喜宴1桌2萬6」包多少？網曝1數字,"Counter({'天堂': 5, '基金': 5, '幫助': 4, '民眾': 4, '快樂': 4, '健保署': 3, '捐款': 3, '我們': 3, '健保愛心': 2, '專戶': 2, '弱勢': 2, '繳交健': 2, '保費': 2, '拋磚': 2, '引玉': 2, '今年': 2, '每年': 2, '一百': 2, '五年': 2, '五百': 2, '愛傳': 2, '出去': 2, '持續': 2, '困難': 2, '這些': 2, '立新': 1, '綜合': 1, '報導': 1, '設置': 1, '會將': 1, '捐給': 1, '一共': 1, '協助': 1, '中彰': 1, '投地區': 1, '遭逢': 1, '急難': 1, '勢民眾': 1, '繳納': 1, '健保': 1, '欠費': 1, '共同': 1, '守護': 1, '家庭': 1, '度過': 1, '生命': 1, '難關': 1, '中區': 1, '健保局': 1, '業務組': 1, '組長': 1, '增輝': 1, '22': 1, '其實': 1, '一些': 1, '給我們': 1, '其中': 1, '有些': 1, '已經': 1, '20': 1, '幾年': 1, '善用': 1, '大家': 1, '善款': 1, '好好': 1, '照顧': 1, '當地': 1, '資源': 1, '缺乏': 1, '十一年': 1, '設立': 1, '二十多年': 1, '累積': 1, '六千多': 1, '去年': 1, '為止': 1, '五千多': 1, '記者': 1, '現場': 1, '還有': 1, '一段': 1, '感人': 1, '故事': 1, '爸爸': 1, '兒子': 1, '大阪': 1, '工作': 1, '猝死': 1, '無力': 1, '回台灣': 1, '安葬': 1, '克服': 1, '最終': 1, '死者': 1, '骨灰': 1, '回家': 1, '董事': 1, '張雪如': 1, '希望': 1, '發起': 1, '就是': 1, '能夠': 1, '一個': 1, '慈善家': 1, '每一個': 1, '然後我們': 1, '勢裡面': 1, '繳不起': 1, '健保費': 1, '手快': 1, '透過': 1, '多元': 1, '管道': 1, '援助': 1, '經濟': 1, '延續': 1, '愛的': 1, '傳遞': 1, '交情': 1, '喜宴': 1, '多少': 1, '數字': 1})","{'天堂': 5, '基金': 5, '幫助': 4, '民眾': 4, '快樂': 4, '健保署': 3, '捐款': 3, '我們': 3, '健保愛心': 2, '專戶': 2}",健保署與快樂天堂基金會攜手合作，設置「健保愛心專戶」，專門幫助弱勢民眾繳交健保費，快樂天堂基金會每年捐一百萬，連續五年共捐五百萬，以支援中彰投地區有需求的家庭。自九十一年成立起，該專戶已經籌得六千多萬的捐款，幫助五千多人，其中也有感人故事，如快樂天堂基金會幫助把因在大阪工
SWAG合體雞排妹？陳沂有想　轟：言行不一,娛樂中心／綜合報導 ▲陳沂被問到是否找「宿敵」雞排妹在SWAG直播，竟回答「我其實有想，但是怕被說性騷擾。」（圖／FHM提供、翻攝自雞排妹IG） 網紅陳沂與鄭家純（雞排妹）3年前與在直播大戰，雞排妹不滿自己的手機號碼被陳沂唸出，也在她臉書公布陳沂手機號碼，最高法院上月依違反《個資法》判處鄭徒刑3月，得易科罰金9萬元確定，雞排妹後來繳罰金9萬免關。陳沂近日加入SWAG，被問到是否想找「宿敵」雞排妹一起直播，陳沂竟回答「我其實有想，但是我怕被說性騷擾。」 ▲陳沂被問到是否找「宿敵」雞排妹在SWAG直播，竟回答「我其實有想，但是怕被說性騷擾。」（圖／記者鄭孟晃攝） SWAG邀請陳沂加入SWAG，首場處女直播秀定在5/29晚間10點半，將合體「前海龍蛙兵」壹柒柒。根據《中時新聞網》報導，被問是否想找「宿敵」雞排妹一起在SWAG直播，陳沂回答「我其實有想，但是我怕被說性騷擾，而且我也很怕就是雞排妹會先寄存證信函給我，說我性騷擾她。因為雞排妹怎麼都要說別人性騷擾，誰知道。」陳沂也酸雞排妹「言行不一，不要明明嘴巴在講情色，可是又要回頭說人家性騷擾這些的，就在自打嘴巴。」陳沂認為真正的女權，是女性獨立自主、男女平權，而非追求特權。 ▲陳沂維基百科多了一個「色情演員」身分，讓她非常滿意大讚「必須稱讚維基百科此效率」。（圖／翻攝自陳沂IG） 陳沂今天也開心在社群PO出自己維基百科的資訊，看到除了有台灣網路名人、活動主持人等身分，現在還多了一個「色情演員」，讓她非常滿意大讚「必須稱讚維基百科此效率」。事實上，陳沂昨天才在SWAG記者會點名羅志祥，「大家都說羅志祥只有空幹，我想約羅志祥實X，祥祥就是口碑好！姿勢我全力配合需求，祥祥你要怎樣都可以！」被問到羅志祥是性幻對象？她則說「是我所有幻想的對象，是我的夢中情人，我的心只有祥祥。」 ※ 本網頁已閒置超過5分鐘，請點擊右上關閉鈕，即可關閉。 SWAG合體雞排妹？陳沂給驚人答案「其實有想」 轟她言行不一：自打嘴巴 | 娛樂星聞,"Counter({'排妹': 10, 'SWAG': 8, '直播': 6, '騷擾': 6, '其實': 5, '是否': 4, '宿敵': 4, '回答': 4, '但是': 4, '說性': 4, '百科': 4, '問到': 3, '祥祥': 3, '報導': 2, '翻攝': 2, 'IG': 2, '自己': 2, '手機': 2, '號碼': 2, '雞排': 2, '加入': 2, '一起': 2, '我怕': 2, '記者': 2, '就是': 2, '言行不一': 2, '打嘴巴': 2, '一個': 2, '色情': 2, '演員': 2, '身分': 2, '非常': 2, '滿意': 2, '必須': 2, '效率': 2, '只有': 2, '對象': 2, '娛樂': 1, '中心': 1, '綜合': 1, 'FHM': 1, '提供': 1, '自雞': 1, '網紅陳沂': 1, '鄭家純': 1, '年前': 1, '大戰': 1, '不滿': 1, '臉書': 1, '公布': 1, '最高法院': 1, '違反': 1, '資法': 1, '判處': 1, '徒刑': 1, '得易': 1, '科罰': 1, '萬元': 1, '確定': 1, '妹後來': 1, '繳罰': 1, '萬免關': 1, '近日': 1, '鄭孟晃': 1, '邀請': 1, '首場': 1, '秀定': 1, '29': 1, '晚間': 1, '10': 1, '點半': 1, '將合體': 1, '前海龍': 1, '壹柒柒': 1, '根據': 1, '中時': 1, '新聞網': 1, '被問': 1, '而且': 1, '妹會': 1, '寄存': 1, '信函': 1, '給我': 1, '我性': 1, '因為': 1, '怎麼': 1, '人性': 1, '知道': 1, '不要': 1, '明明': 1, '嘴巴': 1, '在講': 1, '情色': 1, '可是': 1, '回頭': 1, '人家': 1, '性騷擾': 1, '這些': 1, '認為': 1, '真正': 1, '女權': 1, '女性': 1, '獨立': 1, '自主': 1, '男女': 1, '平權': 1, '追求': 1, '特權': 1, '沂維基': 1, '自陳沂': 1, '今天': 1, '開心': 1, '社群': 1, 'PO': 1, '維基': 1, '資訊': 1, '看到': 1, '除了': 1, '台灣': 1, '網路': 1, '名人': 1, '活動': 1, '主持人': 1, '現在': 1, '還多': 1, '事實': 1, '昨天': 1, '會點': 1, '名羅志祥': 1, '大家': 1, '說羅志祥': 1, '空幹': 1, '我想': 1, '約羅志祥實': 1, '口碑': 1, '姿勢': 1, '全力': 1, '配合': 1, '需求': 1, '怎樣': 1, '可以': 1, '問到羅志祥': 1, '性幻': 1, '她則': 1, '所有': 1, '幻想': 1, '情人': 1, '本網': 1, '閒置': 1, '超過': 1, '分鐘': 1, '請點': 1, '擊右': 1, '上關': 1, '閉鈕': 1, '即可': 1, '關閉': 1, '合體': 1, '沂給': 1, '驚人': 1, '答案': 1, '娛樂星聞': 1})","{'排妹': 10, 'SWAG': 8, '直播': 6, '騷擾': 6, '其實': 5, '是否': 4, '宿敵': 4, '回答': 4, '但是': 4, '說性': 4}",網紅陳沂被問及是否想和「宿敵」雞排妹在SWAG直播合作，她透露「我其實有想，但是怕被說性騷擾。」雙方3年前曾在直播大戰，引起風波。陳沂即將在SWAG進行首場直播秀，並將與「前海龍蛙兵」壹柒柒合體。她也在社群分享自己被列為「色情演員」身分的維基百科資訊，表示非常滿意。此外，陳沂最近在記者會
瘋狂告白陳沂　鄧佳華背景卻是政壇1女神,娛樂中心／綜合報導 ▲鄧佳華曾陸續告白過多位正妹，去年選前就多次告白立委黃捷。（組合圖／翻攝自臉書） 以FBI帥哥打響名氣，多年來形象舉動奇葩的網紅鄧佳華，曾多次向各路女神傳達愛意。近日，聽聞網紅陳沂即將投入SWAG的消息後，立刻邀約女方拍《華根初上4》，更以「沂～」一語甜蜜稱呼對方。尷尬的是，其實鄧佳華的社群軟體背景，用的還是高顏值得民進黨立委「黃捷」。 近日，鄧佳華拍片消息再次炒得沸沸揚揚，她更直接喊話陳沂「一起拍華根初上第四部，妳可以當我的女角嗎？」陳沂則幽默回道「你可以，但我不可以啊」。僅管被女方委婉打槍，鄧佳華仍甜蜜喊話「沂~從2016到2024我們認識8年了，我還是愛著妳！」，奇特言論讓不少網友看傻眼。 ▲鄧佳華將黃捷設為臉書背景，當時更寫道「這一生我只愛黃捷」。 （圖／翻攝自鄧佳華臉書） 即便他現在瘋狂喊話陳沂拍片，但他臉書的「動態時報」仍舊放著大大張的黃捷，當時更寫道「這一生我只愛黃捷」。網友則紛紛吐槽「喔是哦」、「移情別戀渣男」、「你只適合去吃屎吧，還愛黃捷，一直蹭女生」。 ※ 本網頁已閒置超過5分鐘，請點擊右上關閉鈕，即可關閉。 瘋狂告白陳沂 但鄧佳華背景卻是「政壇1女神」：我一生只愛她 | 娛樂星聞,"Counter({'鄧佳華': 8, '告白': 3, '背景': 3, '可以': 3, '臉書': 3, '一生': 3, '立委': 2, '翻攝': 2, '女神': 2, '近日': 2, '消息': 2, '女方': 2, '甜蜜': 2, '還是': 2, '拍片': 2, '喊話': 2, '當時': 2, '愛黃捷': 2, '娛樂': 1, '中心': 1, '綜合': 1, '報導': 1, '陸續': 1, '多位': 1, '正妹': 1, '去年': 1, '選前': 1, '多次': 1, '組合圖': 1, '自臉': 1, 'FBI': 1, '帥哥': 1, '打響': 1, '名氣': 1, '多年': 1, '形象': 1, '舉動': 1, '奇葩': 1, '網紅': 1, '曾多次': 1, '各路': 1, '傳達': 1, '愛意': 1, '聽聞': 1, '網紅陳沂': 1, '即將': 1, '投入': 1, 'SWAG': 1, '立刻': 1, '邀約': 1, '華根初': 1, '一語': 1, '稱呼': 1, '對方': 1, '尷尬': 1, '其實': 1, '社群': 1, '軟體': 1, '高顏': 1, '值得': 1, '民進': 1, '再次': 1, '炒得': 1, '沸沸': 1, '揚揚': 1, '直接': 1, '一起': 1, '拍華根': 1, '第四部': 1, '當我': 1, '女角': 1, '沂則': 1, '幽默': 1, '僅管': 1, '委婉': 1, '打槍': 1, '2016': 1, '2024': 1, '我們': 1, '認識': 1, '愛著': 1, '奇特': 1, '言論': 1, '不少': 1, '網友': 1, '傻眼': 1, '將黃捷': 1, '設為': 1, '即便': 1, '他現': 1, '狂喊': 1, '動態': 1, '時報': 1, '仍舊': 1, '放著': 1, '大大': 1, '網友則': 1, '紛紛': 1, '移情': 1, '別戀': 1, '適合': 1, '吃屎': 1, '還愛黃捷': 1, '一直': 1, '女生': 1, '本網': 1, '閒置': 1, '超過': 1, '分鐘': 1, '請點': 1, '擊右': 1, '上關': 1, '閉鈕': 1, '即可': 1, '關閉': 1, '瘋狂': 1, '政壇': 1, '娛樂星聞': 1})","{'鄧佳華': 8, '告白': 3, '背景': 3, '可以': 3, '臉書': 3, '一生': 3, '立委': 2, '翻攝': 2, '女神': 2, '近日': 2}",網紅鄧佳華以其奇特形象和行為打響名氣，近日再度引起熱議，因他瘋狂告白網紅陳沂並邀約拍片，卻在社群軟體中背景設定卻是民進黨立委黃捷。雖然他持續喊話陳沂，但網友紛紛批評他「移情別戀渣男」，引起不少討論。
週末鋒面抵！全台一片紫藍　好天氣等這天,三立準氣象／黃依婷報導 ▲今日主要雨勢在午後中南部山區。 今（29）日中南部山區午後仍有雲層發展，不過其他時間跟昨（28）日比起已明顯好轉，從雷達回波圖也可觀察到午後山區的對流現象，主要都在中南部消長，且都是強烈的雷雨胞，因此氣象局也在午間發布大雷雨特報，甚至對屏東還有發出小範圍的豪雨特報。 三立氣象主播吳德榮指出，今日主要在桃園以南大致上都有下過雨，不過主要的雨勢還是出現在下午過後中南部山區；至於氣溫方面，由於降雨都出現在山區，因此白天中南部仍有33、34度高溫，北部天氣則偏涼，今日高溫大約僅有29度，從定量降雨日報也可得知，明日天氣主要還是出現在午後降雨，且仍屬山區雨勢較大，不過南台灣水氣也增加，因此會有不定時短暫陣雨的現象。 ▲明後2天都有西南風，為午後對流旺盛的主要原因。 吳德榮指出，地面天氣圖顯示，明後2天都有些西南風，也是造成午後對流旺盛的主要原因，不過天氣大致上仍是比較穩定，且氣溫逐漸升高，北台灣高溫約32、33度，體感上較為悶熱，可是週六、週日2天鋒面已在台灣上空，要慎防劇烈天氣，且氣溫也會隨之下降，週日白天高溫僅有26度，明顯變涼。 ▲週末2天鋒面在台灣上空。 吳德榮強調，根據歐洲電腦模擬預測圖顯示，週末2天鋒面就在台灣上空，再加上南海北上的水氣，因此天氣是很不穩定的，會有中小尺度的對流系統發展，要慎防小範圍雷擊、強風以及瞬間強降雨，要特別防範劇烈天氣的發生，不過週一天氣就會好轉，白天氣溫也會跟著回升，高溫可達31度。 交情普「喜宴1桌2萬6」包多少？網曝1數字,"Counter({'主要': 7, '中南部': 5, '不過': 5, '天氣': 5, '因此': 4, '氣溫': 4, '降雨': 4, '今日': 3, '雨勢': 3, '山區': 3, '吳德榮': 3, '出現': 3, '白天': 3, '天鋒面': 3, '台灣': 3, '上空': 3, '三立': 2, '29': 2, '發展': 2, '現象': 2, '雷雨': 2, '特報': 2, '小範圍': 2, '指出': 2, '大致': 2, '還是': 2, '33': 2, '高溫': 2, '西南': 2, '午後對流': 2, '旺盛': 2, '原因': 2, '顯示': 2, '穩定': 2, '週日': 2, '慎防': 2, '週末': 2, '準氣象': 1, '依婷': 1, '報導': 1, '山區午': 1, '雲層': 1, '其他': 1, '時間': 1, '28': 1, '比起': 1, '已明': 1, '顯好轉': 1, '從雷達': 1, '回波': 1, '觀察到': 1, '午後山區': 1, '對流': 1, '消長': 1, '強烈': 1, '氣象局': 1, '午間': 1, '發布': 1, '甚至': 1, '屏東': 1, '還有': 1, '發出': 1, '豪雨': 1, '氣象': 1, '主播': 1, '桃園': 1, '以南': 1, '過雨': 1, '下午': 1, '過後': 1, '至於': 1, '方面': 1, '34': 1, '度高溫': 1, '北部': 1, '天氣則': 1, '偏涼': 1, '大約僅': 1, '定量': 1, '日報': 1, '得知': 1, '明日': 1, '屬山區': 1, '南台': 1, '灣水氣': 1, '增加': 1, '不定': 1, '時短': 1, '暫陣雨': 1, '地面': 1, '天氣圖': 1, '天都': 1, '有些': 1, '造成': 1, '逐漸': 1, '升高': 1, '北台': 1, '灣高溫': 1, '32': 1, '體感': 1, '悶熱': 1, '可是': 1, '週六': 1, '劇烈': 1, '隨之': 1, '下降': 1, '高溫僅': 1, '26': 1, '明顯': 1, '變涼': 1, '強調': 1, '根據': 1, '歐洲': 1, '電腦': 1, '模擬': 1, '預測': 1, '加上': 1, '南海': 1, '北上': 1, '水氣': 1, '中小': 1, '尺度': 1, '流系統': 1, '雷擊': 1, '強風': 1, '以及': 1, '瞬間強': 1, '特別': 1, '防範劇烈': 1, '發生': 1, '一天': 1, '氣就會': 1, '好轉': 1, '回升': 1, '可達': 1, '31': 1, '交情': 1, '喜宴': 1, '多少': 1, '數字': 1})","{'主要': 7, '中南部': 5, '不過': 5, '天氣': 5, '因此': 4, '氣溫': 4, '降雨': 4, '今日': 3, '雨勢': 3, '山區': 3}",今（29）日，中南部山區午後仍有雲層發展，並有強烈的雷雨胞出現，導致氣象局發布大雷雨特報，屏東也有小範圍的豪雨特報。氣象主播指出，主要雨勢依然出現在下午過後的中南部山區，氣溫方面，中南部仍有高溫達33、34度，而北部則較涼爽，高溫約29度。未來兩天仍有西南風造成午後對流旺盛，但週末將受鋒面影響
獨／三總名醫單獨看診　掀女病患內衣挨告,記者徐湘芸、鄭翔仁／台北報導 這名被擄走的陳姓名醫，過去就有不少爭議。之前一名女病患在沒有護理師陪同下，被帶到小房間診療，過程中醫師未告知突然掀開內衣，疑似還觸碰到胸部，讓女病患感到不適；雙方以2萬元達成和解，陳姓名醫獲得不起訴處分。但女病患再度出面，表示當下只是想要一個道歉，不在意和解金額，事後也將這筆錢全數捐出。 凌晨3點病患掛急診，獨自被醫師帶到診間。躺下後一切看似正常，但下一秒醫師未告知情況下，突然掀開病患內衣，讓女病患當下不知所措。 遭性騷女病患：「（事發）一年之後，然後我們才開始進和解，才知道我從原告轉被告，就是他有反告我妨害名譽。那時候我年紀也還小，25、26歲，所以那時候當然，最後你會希望把這件事情就快結束掉，那時候的確我們也最後達成和解，有很大一部分是我不想再跟他繼續耗下去。」 回想起5年前那一晚，就像是一場噩夢。高小姐當時突發蕁麻疹，前往內湖三總醫院急診，當時由陳姓名醫看診，在護理師陪同下沒有異狀，但醫師突然表示要再次確認，把人帶到員工專用診療室獨自看診；更掀開內衣，疑似還有觸碰到胸部。 醫院獲報後通報性騷擾申訴會表示，陳醫師任職以來沒有被申訴性騷擾紀錄，已證實聲請人是執行醫療行為，另外兩人已達成和解，因此獲得不起訴處分。 遭性騷女病患：「那兩萬塊（和解金）最後我是捐掉，我們從頭到尾要的都是一個道歉，因為他前面是完全堅持不道歉，道歉之後我當然就覺得那件事就快點結束。」 令人困惑的是，一般醫師門診都會有護理師陪同，為何二次看診會發生醫師和病患單獨相處？陳姓醫師當下表示，是因為急診室太忙，並非故意不遵守程序，屬於正常診療範圍，未逾矩。事隔5年後又被爆出感情糾紛，不論是為情還是為財，也讓名醫的爭議事件再添一樁。 尊重身體自主權！請撥打113、110 獨／三總醫師被擄走！2煞鎮暴槍勒索400萬,"Counter({'病患': 9, '醫師': 7, '和解': 6, '表示': 4, '道歉': 4, '姓名': 3, '護理師': 3, '陪同': 3, '突然': 3, '掀開': 3, '內衣': 3, '當下': 3, '那時候': 3, '爭議': 2, '診療': 2, '告知': 2, '疑似': 2, '碰到': 2, '胸部': 2, '起訴': 2, '處分': 2, '一個': 2, '獨自': 2, '正常': 2, '遭性': 2, '騷女': 2, '當然': 2, '結束': 2, '當時': 2, '騷擾': 2, '申訴': 2, '因為': 2, '記者': 1, '徐湘芸': 1, '鄭翔仁': 1, '台北': 1, '報導': 1, '這名': 1, '過去': 1, '不少': 1, '之前': 1, '一名': 1, '小房': 1, '過程': 1, '還觸': 1, '感到': 1, '不適': 1, '雙方以': 1, '萬元': 1, '達成': 1, '醫獲': 1, '再度': 1, '出面': 1, '只是': 1, '想要': 1, '不在意': 1, '金額': 1, '事後也將': 1, '這筆': 1, '全數': 1, '捐出': 1, '凌晨': 1, '掛急診': 1, '診間': 1, '一切': 1, '看似': 1, '一秒': 1, '情況': 1, '不知所措': 1, '事發': 1, '一年': 1, '然後我們': 1, '開始': 1, '知道': 1, '原告': 1, '被告': 1, '就是': 1, '反告': 1, '妨害': 1, '名譽': 1, '年紀': 1, '還小': 1, '25': 1, '26': 1, '所以': 1, '希望': 1, '這件': 1, '事情': 1, '確我們': 1, '最後達成': 1, '很大': 1, '一部分': 1, '不想': 1, '繼續': 1, '下去': 1, '想起': 1, '年前': 1, '那一晚': 1, '像是': 1, '一場': 1, '噩夢': 1, '小姐': 1, '突發': 1, '蕁麻疹': 1, '前往': 1, '內湖': 1, '總醫院': 1, '急診': 1, '醫看': 1, '異狀': 1, '再次': 1, '確認': 1, '到員工': 1, '專用': 1, '診療室': 1, '看診': 1, '還有觸': 1, '醫院': 1, '報後通': 1, '報性': 1, '任職': 1, '以來': 1, '紀錄': 1, '已證': 1, '實聲': 1, '執行': 1, '醫療': 1, '行為': 1, '另外': 1, '兩人': 1, '已達成': 1, '因此': 1, '獲得': 1, '兩萬塊': 1, '我們': 1, '從頭': 1, '前面': 1, '完全': 1, '堅持': 1, '覺得': 1, '那件事': 1, '快點': 1, '令人困惑': 1, '一般': 1, '醫師門診': 1, '為何': 1, '二次': 1, '看診會': 1, '發生': 1, '單獨': 1, '相處': 1, '診室': 1, '太忙': 1, '非故意': 1, '遵守': 1, '程序': 1, '範圍': 1, '未逾矩': 1, '事隔': 1, '爆出': 1, '感情': 1, '糾紛': 1, '不論': 1, '為情': 1, '還是': 1, '為財': 1, '名醫': 1, '事件': 1, '再添': 1, '一樁': 1, '尊重': 1, '身體': 1, '自主': 1, '113': 1, '110': 1, '三總醫師': 1, '煞鎮': 1, '暴槍': 1, '勒索': 1, '400': 1})","{'病患': 9, '醫師': 7, '和解': 6, '表示': 4, '道歉': 4, '姓名': 3, '護理師': 3, '陪同': 3, '突然': 3, '掀開': 3}",一名被擄走的名醫陳姓醫師過去曾因性騷擾事件引起爭議。過去有一名女病患在診療過程中遭受不當行為，雙方達成和解且陳姓醫師獲得不起訴處分。然而，女病患表示當時只是希望得到道歉，並將和解金全數捐出。後來她冒著性騷擾被反告名譽的風險，希望快速了結事件。該女病患
獨／三總醫師被擄走！2煞鎮暴槍勒索400萬,記者凌毓鈞、戴偉臣／台北報導 6日晚間，台北內湖三軍總醫院的陳姓醫師在急診室外被人持槍擄走，原來他跟1名林姓女子有感情和債務糾紛，對方涉嫌找小弟要討400萬債務，陳姓醫師嚇得趕緊提告。目前警方已經逮到2名小弟，並查扣1把空氣鎮暴槍，持續向上追查。 駕駛走在前開了車門，後方還有2名男子緊跟在後，其中這名黑衣男就是三軍總醫院的陳姓醫師，表情緊張不敢反抗，原來他被後方男子持槍擄上車。 記者凌毓鈞：「當時這名陳姓醫師剛從急診室走出來，不僅被跟蹤還遭亮槍恐嚇。」 被擄走的陳姓醫師在三總擔任急診室主治醫師，醫術好又會談吐，還曾上過廣播節目分享醫學知識，這回卻惹上桃花債捲進糾紛。 事發在6日晚間台北內湖區民權東路六段135巷內，是不少三總醫師和護理師上班的必經之路，陳姓醫師會被擄走，原來是和林姓女子有感情和債務糾紛，醫師強調已經還了100萬，但女方不滿涉嫌撂小弟擄人。小弟落網供稱是幫忙討400萬債務，否認被教唆，但另一名小弟全都認了，2人被依妨害自由罪送辦。 律師李育昇：「如果該槍枝是屬於管制物品，甚至還有可能會觸犯槍砲彈藥刀械管制條例，是要處3年以上10年以下的有期徒刑。」 警方認為案件不單純，目前還在向上追查。對此，三軍總醫院回應，陳姓醫師在營外糾紛屬於個人行為，目前由警方偵辦中。 只是已婚醫師還捲進感情債務糾紛，負面形象又添一筆。 獨／三總醫師被擄走！2煞鎮暴槍勒索400萬,"Counter({'醫師': 7, '小弟': 5, '糾紛': 4, '台北': 3, '原來': 3, '感情': 3, '債務': 3, '400': 3, '目前': 3, '警方': 3, '記者': 2, '凌毓鈞': 2, '晚間': 2, '林姓': 2, '女子': 2, '涉嫌': 2, '萬債務': 2, '暴槍': 2, '向上': 2, '追查': 2, '還有': 2, '男子': 2, '這名': 2, '三軍總醫院': 2, '診室': 2, '三總醫師': 2, '管制': 2, '戴偉臣': 1, '報導': 1, '內湖': 1, '總醫院': 1, '急診': 1, '室外': 1, '人持': 1, '對方': 1, '要討': 1, '嚇得': 1, '趕緊': 1, '提告': 1, '已經': 1, '逮到': 1, '查扣': 1, '空氣鎮': 1, '持續': 1, '駕駛': 1, '前開': 1, '車門': 1, '其中': 1, '黑衣': 1, '就是': 1, '表情': 1, '緊張': 1, '不敢': 1, '反抗': 1, '被後方': 1, '持槍': 1, '上車': 1, '當時': 1, '醫師剛': 1, '走出': 1, '不僅': 1, '恐嚇': 1, '總擔': 1, '任急': 1, '主治': 1, '醫術': 1, '還曾': 1, '過廣播': 1, '節目': 1, '分享': 1, '醫學': 1, '知識': 1, '這回': 1, '桃花': 1, '事發': 1, '湖區民權': 1, '東路': 1, '六段': 1, '135': 1, '巷內': 1, '不少': 1, '護理師': 1, '上班': 1, '必經': 1, '之路': 1, '醫師會': 1, '強調': 1, '經還': 1, '100': 1, '女方': 1, '不滿': 1, '擄人': 1, '落網': 1, '供稱': 1, '幫忙': 1, '否認': 1, '教唆': 1, '另一名': 1, '全都': 1, '認了': 1, '妨害自由': 1, '罪送': 1, '律師': 1, '李育': 1, '如果': 1, '槍枝': 1, '是屬': 1, '物品': 1, '甚至': 1, '可能': 1, '會觸': 1, '犯槍': 1, '彈藥': 1, '刀械': 1, '條例': 1, '以上': 1, '10': 1, '以下': 1, '有期徒刑': 1, '認為': 1, '案件': 1, '單純': 1, '還在': 1, '對此': 1, '回應': 1, '營外': 1, '糾紛屬': 1, '人行': 1, '偵辦': 1, '只是': 1, '已婚': 1, '醫師還': 1, '負面': 1, '形象': 1, '一筆': 1, '煞鎮': 1, '勒索': 1})","{'醫師': 7, '小弟': 5, '糾紛': 4, '台北': 3, '原來': 3, '感情': 3, '債務': 3, '400': 3, '目前': 3, '警方': 3}",台北內湖三軍總醫院的陳姓醫師在6日晚間被人持槍擄走，原因是與一名林姓女子涉及感情和債務糾紛。林姓女子被指控找人討要400萬債務，導致陳姓醫師被擄。警方已逮捕2名涉案者並查扣一把空氣鎮暴槍，案件仍在調查之中。被擄的陳姓醫師是三總急診室主治醫師，
鄧佳華最新發聲：拍片這行業非人人可走,娛樂中心／綜合報導 ▲網紅鄧佳華。（圖／記者邱榮吉攝影） 網紅鄧佳華奇特言論與形象，經常引發話題，繼日前驚為天人的華根初上之後，近日又傳出了多起成人影片相關的話題，還主動邀約話題網紅陳沂拍片，引發外界好奇。事實上，關於拍片一事，今（29）日稍早，鄧佳華就分享了他的心得。 陳沂日前拋出震撼彈，表明投入SWAG，想要爭取「四十路的熟女市場」，先是引爆了話題。鄧佳華立刻表明了當男方意願，近日就說「一起拍華根初上第四部，妳可以當我的女角嗎？」陳沂則幽默回道「你可以，但我不可以啊」。僅管被女方委婉打槍，鄧佳華仍甜蜜喊話「沂~從2016到2024我們認識8年了，我還是愛著妳！」，奇特言論讓不少網友看傻眼。 關於這一行，鄧佳華稍早於臉書連發兩文，簡短地說出心聲：「拍片這個行業，非人人想走 也非人人可走」、「現在自己當老闆了，要懂得格局」。 三立新聞網提醒您： 根據刑法第235條規定，散布、播送或販賣猥褻之文字、圖畫、聲音、影像或其他物品，或公然陳列，或以他法供人觀覽、聽聞者，處2年以下有期徒刑、拘役或科或併科三萬元以下罰金。意圖散布、播送、販賣而製造、持有前項文字、圖畫、聲音、影像及其附著物或其他物品者，亦同。提醒大家勿加入跪求、私給等行列以免觸法。 ※ 本網頁已閒置超過5分鐘，請點擊右上關閉鈕，即可關閉。 想夢幻合體陳沂？鄧佳華感性發聲了：拍片這行業，非人人可走 | 娛樂星聞,"Counter({'鄧佳華': 7, '拍片': 4, '話題': 3, '可以': 3, '人人': 3, '網紅': 2, '奇特': 2, '言論': 2, '日前': 2, '近日': 2, '關於': 2, '稍早': 2, '表明': 2, '散布': 2, '播送': 2, '販賣': 2, '文字': 2, '圖畫': 2, '聲音': 2, '影像': 2, '其他': 2, '物品': 2, '以下': 2, '娛樂': 1, '中心': 1, '綜合': 1, '報導': 1, '記者': 1, '邱榮吉': 1, '攝影': 1, '形象': 1, '經常引': 1, '發話題': 1, '驚為': 1, '天人': 1, '華根初': 1, '傳出': 1, '成人': 1, '影片': 1, '相關': 1, '還主動': 1, '邀約': 1, '網紅陳沂': 1, '引發': 1, '外界': 1, '好奇': 1, '事實': 1, '一事': 1, '29': 1, '分享': 1, '心得': 1, '拋出': 1, '震撼': 1, '投入': 1, 'SWAG': 1, '想要': 1, '爭取': 1, '四十': 1, '熟女': 1, '市場': 1, '先是': 1, '引爆': 1, '立刻': 1, '了當': 1, '男方': 1, '意願': 1, '一起': 1, '拍華根': 1, '第四部': 1, '當我': 1, '女角': 1, '沂則': 1, '幽默': 1, '僅管': 1, '女方': 1, '委婉': 1, '打槍': 1, '甜蜜': 1, '喊話': 1, '2016': 1, '2024': 1, '我們': 1, '認識': 1, '還是': 1, '愛著': 1, '不少': 1, '網友': 1, '傻眼': 1, '一行': 1, '臉書': 1, '連發': 1, '兩文': 1, '簡短': 1, '出心聲': 1, '這個': 1, '行業': 1, '現在': 1, '自己': 1, '當老': 1, '懂得': 1, '格局': 1, '立新': 1, '聞網': 1, '提醒您': 1, '根據': 1, '刑法': 1, '235': 1, '條規定': 1, '公然': 1, '法供': 1, '觀覽': 1, '聽聞者': 1, '有期徒刑': 1, '拘役': 1, '或科': 1, '科三萬元': 1, '罰金': 1, '意圖': 1, '持有': 1, '前項': 1, '及其': 1, '附著物': 1, '提醒': 1, '大家': 1, '加入': 1, '跪求': 1, '私給': 1, '行列': 1, '以免': 1, '觸法': 1, '本網': 1, '閒置': 1, '超過': 1, '分鐘': 1, '請點': 1, '擊右': 1, '上關': 1, '閉鈕': 1, '即可': 1, '關閉': 1, '想夢幻': 1, '合體': 1, '感性': 1, '發聲': 1, '這行業': 1, '娛樂星聞': 1})","{'鄧佳華': 7, '拍片': 4, '話題': 3, '可以': 3, '人人': 3, '網紅': 2, '奇特': 2, '言論': 2, '日前': 2, '近日': 2}",網紅鄧佳華近日因奇特言論與形象再度引起外界關注，他最近主動邀約網紅陳沂拍片，但陳沂則以幽默方式拒絕。鄧佳華雖被委婉拒絕，但仍甜蜜喊話表示長期愛戀。他稍早在臉書發文分享拍片心得，提到這行業並非人人可走，現在自己當老闆，必須具備一定的格局。整起事件引起網友熱議，提醒不要
中捷虧損　明年擬增資20億！盧秀燕這麼說,台中捷運公司連年虧損，資本額新台幣35億元即將用罄，明年再增資20億元。台中市長盧秀燕表示，民國109年中捷公司開始營運就碰到疫情，疫情解封後虧損減少，今年的虧損會再降低。 ▲台中捷運公司連連虧損，明年再增資20億元。台中市議員陳雅惠認為，中捷公司不能一直增資，應該尋求增加收入的副業。（圖／中央社） 台中市議會今（29）天召開市政總質詢，民進黨籍市議員李天生、陳雅惠關心，台中捷運公司資本額35億元，預估明年初會用罄，未來資本額將調增為55億元。 李天生表示，中捷公司106年成立後，107年虧損1.03億元、108年虧損2.05億元、109年虧損5.36億元、110年已虧損6.02億，虧損逐年增高，不好容易111年減少虧損，仍虧損5.91億元及112年虧損5.44億元，113年預計虧損7.34億元。 他說，中捷公司未用心經營，虧損額度持續擴大，加上發生異物入侵、亮槍及殺人等事件，影響營運收入，又無法學習民間業者成功經營案例。陳雅惠則說，中捷公司不能一直增資，應該尋求增加收入的副業。 盧秀燕表示，台中捷運在民國109年4月通車後就遇上疫情，民國109年、110年、111年疫情期間，學生都不能去上學，政府要求大家不要搭乘大眾交通系統，疫情趨緩後，虧損開始降低，今年的虧損也會再降低。 中捷公司董事長顏邦傑說明，在沒有形成路網前，虧損在所難免，但在撙節開支及開源節流下，預估今年度虧損會降至5億；發生重大事件影響流量約10%。增資案已列入114年度重要施政計畫辦理審查中，後續經中捷公司董事會及市府市政會議審議通過後，送市議會審議。 增加副業收入部分，顏邦傑表示，除了現有的廣告、販賣店外，未來將改善車站環境增加商業使用空間，並與電信業者合作提供場地出租，北屯維修機廠、停車場的屋頂設置太陽能光電設備，可為公司帶來售電收入。 交情普「喜宴1桌2萬6」包多少？網曝1數字,"Counter({'虧損': 15, '中捷': 11, '公司': 11, '億元': 10, '疫情': 5, '增資': 4, '表示': 4, '109': 4, '資本額': 3, '台中市': 3, '降低': 3, '不能': 3, '副業': 3, '收入': 3, '35': 2, '明年': 2, '20': 2, '盧秀燕': 2, '民國': 2, '開始': 2, '營運': 2, '減少': 2, '今年': 2, '損會': 2, '一直': 2, '應該': 2, '尋求': 2, '增加收入': 2, '議會': 2, '市政': 2, '天生': 2, '預估': 2, '110': 2, '111': 2, '經營': 2, '發生': 2, '影響': 2, '董事': 2, '顏邦傑': 2, '年度': 2, '審議': 2, '增加': 2, '連年': 1, '台幣': 1, '將用': 1, '碰到': 1, '解封': 1, '連連': 1, '議員陳雅惠': 1, '認為': 1, '中央社': 1, '29': 1, '天召開': 1, '總質詢': 1, '民進': 1, '黨籍': 1, '市議員': 1, '雅惠': 1, '關心': 1, '明年初': 1, '會用': 1, '未來': 1, '將調': 1, '增為': 1, '55': 1, '106': 1, '成立': 1, '107': 1, '1.03': 1, '108': 1, '2.05': 1, '5.36': 1, '6.02': 1, '逐年': 1, '增高': 1, '好容易': 1, '5.91': 1, '億元及': 1, '112': 1, '5.44': 1, '113': 1, '預計': 1, '7.34': 1, '用心': 1, '損額度': 1, '持續': 1, '擴大': 1, '加上': 1, '異物': 1, '入侵': 1, '亮槍': 1, '事件': 1, '無法學': 1, '習民間': 1, '業者': 1, '成功': 1, '案例': 1, '雅惠則': 1, '運在民國': 1, '通車': 1, '遇上': 1, '期間': 1, '學生': 1, '上學': 1, '政府': 1, '要求': 1, '大家': 1, '不要': 1, '搭乘': 1, '大眾': 1, '交通': 1, '系統': 1, '趨緩': 1, '說明': 1, '形成': 1, '網前': 1, '難免': 1, '撙節': 1, '開支': 1, '開源節': 1, '流下': 1, '降至': 1, '重大事件': 1, '流量': 1, '10%': 1, '增資案': 1, '列入': 1, '114': 1, '重要': 1, '施政': 1, '計畫': 1, '辦理': 1, '審查': 1, '續經': 1, '會及': 1, '市府': 1, '會議': 1, '通過': 1, '送市': 1, '部分': 1, '除了': 1, '現有': 1, '廣告': 1, '販賣': 1, '店外': 1, '未來將': 1, '改善': 1, '車站': 1, '環境': 1, '商業': 1, '使用': 1, '空間': 1, '並與': 1, '電信業者': 1, '合作': 1, '提供': 1, '場地': 1, '出租': 1, '北屯': 1, '維修': 1, '機廠': 1, '停車場': 1, '屋頂': 1, '設置': 1, '太陽能': 1, '光電': 1, '設備': 1, '可為': 1, '帶來': 1, '售電': 1, '交情': 1, '喜宴': 1, '多少': 1, '數字': 1})","{'虧損': 15, '中捷': 11, '公司': 11, '億元': 10, '疫情': 5, '增資': 4, '表示': 4, '109': 4, '資本額': 3, '台中市': 3}",台中捷運公司連年虧損，資本額新台幣35億元即將用罄，明年將再增資20億元。市長盧秀燕指出，公司在疫情解封後，虧損有所減少，預計今年虧損將進一步降低。市議員則提出，公司應尋求增加收入的副業，而不應只是不斷增資。公司董事長指出，公司正努力節約開支，預計今年虧損可望降至5億元，並計畫增加商業使用
獨／網購小魚乾花生咬到磁磚！盛香珍回應,記者羅珮瑜、徐兆緯、何孟哲 / 台北報導 台北一名楊小姐在電商平台上買了3包小魚乾花生，沒想到竟然咬到像磁磚的異物，讓她當下差點牙齒碎裂，事後向廠商回應，但快2個月才回覆，這可能是捕獲小魚時夾帶到的海洋異物。對此，盛香珍表示抱歉，但目前並沒有接獲其他客訴。 倒出小魚乾花生香氣四溢，日前楊小姐在電商平台上一次買了3包產品，卻險些將硬物吞下肚。 投訴人楊小姐：「吃一吃然後就發現，裡面藏了一顆滿大滿傷身體的小石頭，或是磁磚類的，我臼齒在咀嚼它的時候，就壓到牙齦整個神經都在痛」。 4月10日楊小姐下單3包盛香珍的小魚乾花生，一口吃下去瞬間牙齦痛不欲生，拿出來一看嚇一跳，這異物看起來像石頭又像磁磚，事後楊小姐提供問題產品效期、及外包裝條碼，委託電商平台反映給廠商，卻過近2個月才得到回應，廠商表示這可能是捕獲小魚時夾帶到的海洋異物，公司願意退費，並補寄公司新品一箱果凍當作致歉。 投訴人楊小姐：「如果我們的廠商都那麼沒有良心，去製造這種東西，然後客戶也反映都不去反映，然後送我果凍，這個對我來講，好像不是我要的訴求，那我們消費者就活該倒楣，吃那麼硬的東西到肚子裡面去嗎」？ 當初楊小姐因為平台打7折優惠讓她心動下單，沒想到第一次購物卻讓她吃了一肚子氣。 投訴人楊小姐：「一個廠商的信譽跟公司的品管，對我來講是我信不信任這個品牌的原則」。 對此，盛香珍回應事後送檢該批商品無任何食安問題，也未接獲其他消費者食用後有任何身體不適，但接獲電商平台反映，因個資法接觸不到消費者，因此無法第一時間聯繫。業者強調小魚乾花生製成，每批原料都會抽樣檢驗，經油炸混合攪拌後，再通過金檢機和Ｘ光機兩道檢測。這回因小魚乾花生中出現異物，對消費者深感抱歉。 交情普「喜宴1桌2萬6」包多少？網曝1數字,"Counter({'小姐': 8, '平台': 5, '花生': 5, '反映': 4, '消費者': 4, '電商': 3, '異物': 3, '廠商': 3, '回應': 3, '投訴': 3, '公司': 3, '台北': 2, '想到': 2, '磁磚': 2, '可能': 2, '獲小魚': 2, '夾帶': 2, '海洋': 2, '對此': 2, '盛香珍': 2, '表示': 2, '抱歉': 2, '其他': 2, '裡面': 2, '身體': 2, '牙齦': 2, '下單': 2, '小魚': 2, '問題': 2, '我們': 2, '那麼': 2, '這個': 2, '任何': 2, '記者': 1, '徐兆緯': 1, '何孟哲': 1, '報導': 1, '一名': 1, '包小魚': 1, '竟然': 1, '當下': 1, '差點': 1, '牙齒': 1, '碎裂': 1, '事後向': 1, '回覆': 1, '目前': 1, '並沒有': 1, '接獲': 1, '客訴': 1, '出小魚': 1, '香氣': 1, '四溢': 1, '日前': 1, '一次': 1, '包產品': 1, '卻險些將': 1, '硬物': 1, '下肚': 1, '一吃然': 1, '發現': 1, '一顆': 1, '滿大滿傷': 1, '小石': 1, '或是': 1, '磁磚類': 1, '我臼齒': 1, '咀嚼': 1, '時候': 1, '壓到': 1, '整個': 1, '神經': 1, '10': 1, '包盛': 1, '香珍': 1, '一口': 1, '下去': 1, '瞬間': 1, '痛不欲生': 1, '拿出': 1, '看嚇': 1, '這異物': 1, '起來': 1, '石頭': 1, '事後楊': 1, '提供': 1, '產品': 1, '效期': 1, '及外': 1, '包裝': 1, '條碼': 1, '給廠': 1, '過近': 1, '得到': 1, '願意': 1, '退費': 1, '並補': 1, '新品': 1, '一箱': 1, '果凍': 1, '當作': 1, '致歉': 1, '如果': 1, '商都': 1, '沒有': 1, '良心': 1, '然後客': 1, '然後送': 1, '我果': 1, '來講': 1, '好像': 1, '不是': 1, '我要': 1, '訴求': 1, '活該': 1, '倒楣': 1, '東西到': 1, '肚子': 1, '當初': 1, '因為': 1, '優惠': 1, '心動': 1, '第一次': 1, '購物': 1, '一肚子': 1, '一個': 1, '信譽': 1, '品管': 1, '講是': 1, '信任': 1, '品牌': 1, '原則': 1, '事後送': 1, '檢該': 1, '商品': 1, '食安': 1, '未接': 1, '食用': 1, '不適': 1, '但接': 1, '獲電商': 1, '因個': 1, '資法': 1, '接觸': 1, '不到': 1, '因此': 1, '無法': 1, '第一': 1, '時間': 1, '業者': 1, '強調': 1, '每批': 1, '原料': 1, '抽樣': 1, '檢驗': 1, '油炸': 1, '混合': 1, '攪拌': 1, '通過': 1, '金檢機': 1, '光機': 1, '兩道': 1, '檢測': 1, '這回': 1, '因小魚': 1, '中出': 1, '現異物': 1, '深感': 1, '交情': 1, '喜宴': 1, '多少': 1, '數字': 1})","{'小姐': 8, '平台': 5, '花生': 5, '反映': 4, '消費者': 4, '電商': 3, '異物': 3, '廠商': 3, '回應': 3, '投訴': 3}",台北一名姓楊的女士在電商平台購買了3包小魚乾花生，卻在食用時咬到像磁磚一樣的異物，差點導致牙齒受傷。事後向製造商投訴，卻花了將近2個月才得到回覆。製造商盛香珍表示可能是捕撈小魚時混入的海洋異物，並提出全額退款及新品作為賠償。姓楊女士認為這樣的事件使她感到失望，擔心消
波霸奶茶杯大亨告嫩模　爆送名車還發豪語,記者楊佩琪／台北報導 ▲「波霸奶茶大亨」施宗明對小他20多歲的女模提告求償1.1億餘元。（圖／資料畫面） 有「波霸奶茶大亨」稱號的旅美台商施宗明，控訴28歲陳姓女模詐騙他上億，向台北地方法院提告求償陳女及陳女哥哥應連帶賠償1.1億餘元。台北地方法院29日開庭，陳女的哥哥表示，施男曾送妹妹一輛BMW，還告訴妹妹「放心收」、「這個錢一天就可以賺到」。而且妹妹拒絕施男的追求後不到一個禮拜，施男就提告，他也變成被告，覺得「莫名其妙」。 根據施男提告，他於2023年間因邀約合作拍廣告認識陳姓女模，並開始追求。原本2人以結婚為前提交往，他還大手筆送保時捷休旅車、BMW、愛馬仕名牌包包、珠寶首飾等給陳女，但沒想到才4個月後陳女便開始用各種理由疏遠他，認為陳女根本假裝願意結婚真詐騙，才對陳女提告求償1.1億餘元，並追加陳女哥哥為被告。 陳女哥哥出庭作證時表示，有聽妹妹說過施男在追求她，還送了她一輛BMW，要她放心收下「這個錢一天就可以賺到」，但妹妹沒有同意交往，施男仍死纏爛打，妹妹勉強於2023年10月間赴施男的約，一度還要他注意手機訊息以免施男有過激舉動需要求援。 隔日凌晨，施男酒後情緒激動，也不肯放妹妹離開，妹妹因此請他到酒店陪過夜保護。陳男表示，陪妹妹在酒店房間時，一度聽到施男想開妹妹的房門，但房門有上鏈條所以打不開。 對此，施男的委任律師及陳女的委任律師皆追問，為何陳男不另找地方安頓妹妹。陳男表示，妹妹想等施男酒醒後說清楚，當時也已經晚上了，他在場妹妹比較安全。不過之後陳男改口當時沒法在女友家過夜、妹妹還有東西放在酒店等語，讓施男的律師質疑說詞反覆。 法官則追問陳男當時為何要收下妹妹給的3萬美金及30萬台幣，陳男表示這先前是向妹妹借來週轉買美股的錢，以及扣抵幫忙妹妹代繳的卡費。至於施男提告，也將他列為詐騙共犯，陳男強調，他在施男提告後才知道妹妹有收下保時捷休旅車、名牌包、珠寶首飾等，知道妹妹和施男曾到日本遊玩，但不知道2人發生關係。 法官隨後要求陳男當庭交出手機，要勘驗通訊軟體裡的對話內容，似乎讓陳姓兄妹有點措手不及。全案將於8月14日再度開庭審理。 獨／三總醫師被擄走！2煞鎮暴槍勒索400萬,"Counter({'妹妹': 19, '提告': 7, '表示': 5, '施男': 5, '哥哥': 4, '台北': 3, '求償': 3, '1.1': 3, '億餘元': 3, 'BMW': 3, '追求': 3, '收下': 3, '酒店': 3, '律師': 3, '當時': 3, '知道': 3, '波霸': 2, '奶茶': 2, '大亨': 2, '施宗明': 2, '女模': 2, '地方法院': 2, '開庭': 2, '一輛': 2, '放心': 2, '這個': 2, '一天': 2, '可以': 2, '賺到': 2, '被告': 2, '2023': 2, '結婚': 2, '交往': 2, '保時': 2, '捷休': 2, '旅車': 2, '名牌': 2, '珠寶首飾': 2, '一度': 2, '房門': 2, '委任': 2, '法官': 2, '記者': 1, '楊佩琪': 1, '報導': 1, '20': 1, '多歲': 1, '資料': 1, '畫面': 1, '稱號': 1, '旅美': 1, '台商': 1, '控訴': 1, '28': 1, '模詐': 1, '女及': 1, '應連帶': 1, '賠償': 1, '29': 1, '還告訴': 1, '而且': 1, '拒絕施': 1, '不到': 1, '一個': 1, '禮拜': 1, '變成': 1, '覺得': 1, '莫名其妙': 1, '根據施': 1, '年間': 1, '邀約': 1, '合作': 1, '拍廣告': 1, '認識': 1, '並開始': 1, '原本': 1, '人以': 1, '前提': 1, '還大手': 1, '筆送': 1, '愛馬仕': 1, '包包': 1, '給陳女': 1, '想到': 1, '開始': 1, '各種': 1, '理由': 1, '疏遠': 1, '認為': 1, '根本': 1, '假裝': 1, '願意': 1, '真詐': 1, '追加': 1, '出庭': 1, '作證': 1, '過施': 1, '還送': 1, '沒有': 1, '同意': 1, '纏爛': 1, '勉強': 1, '10': 1, '月間': 1, '還要': 1, '注意': 1, '手機訊息': 1, '以免': 1, '施男有': 1, '過激': 1, '舉動': 1, '需要': 1, '求援': 1, '隔日': 1, '凌晨': 1, '施男酒': 1, '情緒': 1, '激動': 1, '不肯': 1, '離開': 1, '因此': 1, '陪過': 1, '夜保護': 1, '房間': 1, '聽到': 1, '男想開': 1, '鏈條': 1, '所以': 1, '打不開': 1, '對此': 1, '追問': 1, '為何': 1, '地方': 1, '安頓': 1, '想等施': 1, '酒醒': 1, '清楚': 1, '已經': 1, '晚上': 1, '他在場': 1, '比較': 1, '安全': 1, '不過': 1, '之後陳': 1, '改口': 1, '沒法': 1, '女友': 1, '家過': 1, '還有': 1, '東西': 1, '放在': 1, '等語': 1, '質疑': 1, '反覆': 1, '則追問': 1, '何要': 1, '給的': 1, '美金': 1, '30': 1, '萬台幣': 1, '先前': 1, '借來': 1, '週轉': 1, '美股': 1, '以及': 1, '扣抵': 1, '幫忙': 1, '代繳': 1, '卡費': 1, '至於': 1, '也將': 1, '列為': 1, '詐騙': 1, '共犯': 1, '強調': 1, '和施': 1, '日本': 1, '遊玩': 1, '人發': 1, '生關': 1, '隨後': 1, '要求': 1, '當庭': 1, '交出': 1, '手機': 1, '勘驗': 1, '通訊': 1, '軟體裡': 1, '內容': 1, '似乎': 1, '兄妹': 1, '有點': 1, '措手不及': 1, '全案': 1, '將於': 1, '14': 1, '再度': 1, '審理': 1, '三總醫師': 1, '煞鎮': 1, '暴槍': 1, '勒索': 1, '400': 1})","{'妹妹': 19, '提告': 7, '表示': 5, '施男': 5, '哥哥': 4, '台北': 3, '求償': 3, '1.1': 3, '億餘元': 3, 'BMW': 3}",這則新聞報導了「波霸奶茶大亨」施宗明控訴28歲女模陳姓女子詐騙他逾1.1億元的案件。施男表示，他送奢華禮物給陳女後，陳女開始疏遠他，最後提告求償。陳女哥哥則表示，妹妹拒絕施男追求後，施男就提告，讓他感到困惑。法庭上，陳男解釋妹妹送他錢是用來買美股和付卡費，並表示自己在施男提告
反制藍白國會擴權！民進黨團將提「釋憲」,記者凌毓鈞、戴偉臣 / 台北報導 擴權法案三讀通過，行政院表示，等收到法案後將提出覆議，但如果沒超過二分之一的立委支持覆議就失敗，等到總統公布法令，民進黨團預計會聲請釋憲。不過法界人士建議，除了可提釋憲外，如果要暫緩實施法律，還必須聲請「暫時處分」。 抗議民眾（05.28）：「公民捍衛民主，公民捍衛民主！」 國會擴權法在抗議聲中三讀通過，執政黨要反制，將先覆議再釋憲。 民進黨團幹事長吳思瑤：「我們立院黨團已經在規劃中的，我們釋憲的聲請作業，都會依據程序來進行。行政院也已經表明他們即將要提起覆議，民進黨團是尊重。」 總統府發言人郭雅慧：「在社會高度疑慮當中，立法院還是三讀通過相關爭議性的法案，相信這並非台灣社會的共同期待，立法院的民進黨團也宣布要聲請釋憲，總統府都皆予以尊重。」 行政院收到法案後將提出覆議，立法院15天內必須處理，如果沒有超過二分之一立委支持，覆議失敗。就目前藍白聯手的狀況，覆議成功機率低，總統在10天內得公告法案，民進黨團將在法案公告3天後聲請釋憲。 律師洪維駿：「憲法法庭的案件量也不少，所以一個案件從聲請到受理，到憲法法庭做出裁決，會需要相當的時間，如果要阻止總統公布的法規去做適用的話，還必須同時聲請暫時處分，才能達成這樣的目的。」 我國釋憲史上唯一一次針對新法條做出暫停適用的決定，是2005年針對戶籍法第8條第2項第3款，要求按捺指紋才能請領新版身分證，當時大法官會議認定牴觸憲法保障人民資訊隱私權，最終法令失效，當時聲請釋憲的提案立委就是現任總統賴清德。歷經1年3個月，這次執政黨將為了國會擴權法案，再請憲法法庭主持公道。 國民黨最可能被罷免的立委？網竟點名了他,"Counter({'法案': 7, '覆議': 7, '釋憲': 6, '民進': 5, '黨團': 5, '如果': 4, '立委': 4, '總統': 4, '通過': 3, '行政院': 3, '立法院': 3, '憲法': 3, '法庭': 3, '擴權': 2, '三讀': 2, '收到': 2, '後將': 2, '提出': 2, '二分之一': 2, '支持': 2, '失敗': 2, '公布': 2, '法令': 2, '還必須': 2, '暫時': 2, '處分': 2, '公民': 2, '捍衛': 2, '民主': 2, '國會': 2, '執政黨': 2, '我們': 2, '已經': 2, '尊重': 2, '總統府': 2, '社會': 2, '天內': 2, '公告': 2, '案件': 2, '做出': 2, '適用': 2, '才能': 2, '記者': 1, '凌毓鈞': 1, '戴偉臣': 1, '台北': 1, '報導': 1, '表示': 1, '沒超過': 1, '等到': 1, '預計會聲': 1, '不過': 1, '法界': 1, '人士': 1, '建議': 1, '除了': 1, '提釋': 1, '憲外': 1, '暫緩': 1, '實施': 1, '法律': 1, '抗議民眾': 1, '05.28': 1, '擴權法': 1, '抗議聲': 1, '中三讀': 1, '反制': 1, '將先': 1, '幹事長': 1, '吳思瑤': 1, '立院': 1, '規劃': 1, '作業': 1, '依據': 1, '程序': 1, '進行': 1, '表明': 1, '他們': 1, '將要': 1, '提起': 1, '發言人': 1, '郭雅慧': 1, '高度': 1, '疑慮': 1, '當中': 1, '還是': 1, '相關': 1, '爭議性': 1, '相信': 1, '這並': 1, '非台灣': 1, '共同': 1, '期待': 1, '宣布': 1, '要聲': 1, '予以': 1, '15': 1, '必須': 1, '處理': 1, '沒有': 1, '超過': 1, '目前': 1, '藍白': 1, '聯手': 1, '狀況': 1, '成功': 1, '機率': 1, '10': 1, '團將': 1, '天後聲': 1, '律師': 1, '洪維駿': 1, '不少': 1, '所以': 1, '一個': 1, '從聲': 1, '受理': 1, '裁決': 1, '需要': 1, '相當': 1, '時間': 1, '阻止': 1, '法規去': 1, '同時聲': 1, '達成': 1, '這樣': 1, '目的': 1, '我國釋': 1, '憲史': 1, '唯一': 1, '一次': 1, '針對': 1, '新法': 1, '暫停': 1, '決定': 1, '2005': 1, '年針': 1, '戶籍': 1, '條第': 1, '要求': 1, '按捺': 1, '指紋': 1, '請領': 1, '新版': 1, '身分': 1, '當時': 1, '大法官': 1, '會議': 1, '認定': 1, '觸憲法': 1, '保障': 1, '人民': 1, '資訊隱': 1, '私權': 1, '最終': 1, '失效': 1, '當時聲': 1, '提案': 1, '就是': 1, '現任': 1, '賴清德': 1, '歷經': 1, '這次': 1, '將為': 1, '主持公道': 1, '國民黨': 1, '可能': 1, '罷免': 1, '網竟': 1, '點名': 1})","{'法案': 7, '覆議': 7, '釋憲': 6, '民進': 5, '黨團': 5, '如果': 4, '立委': 4, '總統': 4, '通過': 3, '行政院': 3}",國會擴權法案三讀通過後，行政院表示將提出覆議，而民進黨團預計將聲請釋憲。法界人士建議，除了釋憲外，還應該聲請「暫時處分」以暫緩法律實施。針對此法案，抗議民眾高呼「公民捍衛民主」。在這場政治動盪中，執政黨將嘗試反制，先覆議再釋憲。唯一一次發生暫停法律適用的情況是2005年
男搶劫女店員反挨狂揍！她真實身分超驚人,文／CTWANT ▲男子路過一家商店，並試圖搶劫。（示意圖／翻攝自Pixabay） 阿根廷一名男子在深夜時分路過一家商店，並試圖透過服務窗口搶劫時，恰好遇上了同時為踢拳（Kickboxing）專家的女店員亞內拉（Yanela Cacere），因此遭受到猛烈的拳頭攻擊，最後只能落荒而逃。 根據外媒《每日郵報》（Daily Mail）的報導，事情發生在當地時間5月22日，從監視器畫面可以看到，外面天色昏暗，有一名男子透過關閉的服務窗口向店內的亞內拉搭話，表示想要一瓶礦泉水，而當亞內拉拿著水瓶並開啟服務窗口時，對方卻試圖翻窗闖進室內。 很快地，亞內拉趕緊丟下手中的水瓶，往男子頭上狂揍超過10拳，並試圖抓住對方的衣服阻止他逃跑，但男子最終還是鑽回去，兩手空空地逃走了，而亞內拉則再次將服務窗口的窗戶鎖上。 事發過後，亞內拉表示，當時男子先詢問她香菸，但她告訴對方商店並沒有售賣，男子則再問她是否能喝水，就發生了上述的事情。 亞內拉進一步透露，自己其實是踢拳專家，她當時想以手臂鎖住對方，也因為揮拳的力量太大，指關節都流了血。不過，據了解，目前還不清楚當地警方是否有收到相關的搶劫報案。 延伸閱讀 露天泡澡悲劇了！浴缸慘變「大水蟻濃湯」,"Counter({'男子': 7, '窗口': 4, '對方': 4, '商店': 3, '並試': 3, '服務': 3, '亞內': 3, '一家': 2, '一名': 2, '專家': 2, '事情': 2, '發生': 2, '當地': 2, '表示': 2, '水瓶': 2, '當時': 2, '是否': 2, 'CTWANT': 1, '路過': 1, '示意': 1, '翻攝': 1, 'Pixabay': 1, '阿根廷': 1, '深夜': 1, '分路': 1, '圖透過': 1, '搶劫時': 1, '恰好': 1, '遇上': 1, '同時': 1, 'Kickboxing': 1, '店員亞': 1, '內拉': 1, 'Yanela': 1, 'Cacere': 1, '因此': 1, '遭受': 1, '猛烈': 1, '拳頭': 1, '攻擊': 1, '只能': 1, '落荒而逃': 1, '根據': 1, '外媒': 1, '每日': 1, '郵報': 1, 'Daily': 1, 'Mail': 1, '報導': 1, '時間': 1, '22': 1, '監視器': 1, '畫面': 1, '可以': 1, '看到': 1, '外面': 1, '天色': 1, '昏暗': 1, '透過': 1, '關閉': 1, '向店': 1, '想要': 1, '一瓶': 1, '泉水': 1, '當亞': 1, '內拉拿著': 1, '並開啟': 1, '試圖': 1, '翻窗': 1, '進室': 1, '很快': 1, '趕緊': 1, '丟下': 1, '手中': 1, '頭上': 1, '超過': 1, '10': 1, '抓住': 1, '衣服': 1, '阻止': 1, '逃跑': 1, '最終': 1, '還是': 1, '回去': 1, '兩手': 1, '空空': 1, '逃走': 1, '而亞': 1, '內拉則': 1, '再次': 1, '將服務': 1, '窗戶鎖': 1, '事發過': 1, '先詢問': 1, '香菸': 1, '告訴': 1, '並沒': 1, '有售': 1, '則再問': 1, '喝水': 1, '上述': 1, '亞內拉進': 1, '一步': 1, '透露': 1, '自己': 1, '其實': 1, '手臂': 1, '鎖住': 1, '因為': 1, '揮拳': 1, '力量': 1, '指關節': 1, '流了血': 1, '不過': 1, '了解': 1, '目前': 1, '還不': 1, '清楚': 1, '警方': 1, '收到': 1, '相關': 1, '報案': 1, '延伸': 1, '閱讀': 1, '露天': 1, '泡澡': 1, '悲劇': 1, '浴缸': 1, '慘變': 1, '大水': 1, '濃湯': 1})","{'男子': 7, '窗口': 4, '對方': 4, '商店': 3, '並試': 3, '服務': 3, '亞內': 3, '一家': 2, '一名': 2, '專家': 2}",阿根廷一名男子在深夜時路過一家商店，試圖搶劫時遇上了踢拳專家女店員亞內拉。男子透過窗口試圖闖進室內，卻遭到亞內拉猛烈的拳頭攻擊，最終只能落荒而逃。事發後，亞內拉表示男子先詢問香菸後再詢問是否能喝水，才展開搶劫行動。亞內拉是踢拳專家，用力過猛導致手指關節流血。目前
三商巧福湯匙難用？饕客反讚：餐飲業最頂,生活中心／柯美儀報導 ▲有網友抱怨三商巧福內用的湯匙很重。（圖／翻攝自三商巧福臉書） 牛肉麵連鎖店「三商巧福」在台灣深耕41年，是台灣第一家台式料理速食餐廳，擁有許多忠實顧客。近日一名網友到三商巧福用餐，抱怨內用湯匙有夠重，引發熱議，對此，不少網友反而覺得「這種湯匙才是好的」。 原PO在PTT發文表示，每次到三商巧福內用，最不能理解的就是餐廳使用的陶瓷湯匙，不僅拿起來很重，不慎敲到牙齒還相當痛，讓他不禁皺眉直呼「沒人發現三商巧福湯匙有夠重嗎」？ 貼文一出，引發討論，多數網友支持三商巧福使用陶瓷材質的湯匙，認為這樣才能避免吃到塑化劑，「至少不是美耐皿那種」、「我倒覺得是優點」、「這種湯匙才是好的」、「不會有塑化劑的湯匙讚」、「已經很少店家願意用這種湯匙了」、「餐飲業最頂」。 還有網友笑說「去三商巧福就是要聽湯匙跟碗觸碰，發出鏘鏘聲才對味」；不過也有網友反映，有些三商巧福分店已經把湯匙換掉了。 交情普「喜宴1桌2萬6」包多少？網曝1數字,"Counter({'湯匙': 10, '網友': 6, '三商巧福': 4, '商巧福': 4, '內用': 3, '這種': 3, '抱怨': 2, '很重': 2, '台灣': 2, '餐廳': 2, '有夠': 2, '引發': 2, '覺得': 2, '就是': 2, '使用': 2, '陶瓷': 2, '塑化': 2, '已經': 2, '生活': 1, '中心': 1, '柯美儀': 1, '報導': 1, '翻攝': 1, '自三商': 1, '巧福': 1, '臉書': 1, '牛肉': 1, '連鎖店': 1, '深耕': 1, '41': 1, '第一家': 1, '台式': 1, '料理': 1, '速食': 1, '擁有': 1, '許多忠實': 1, '顧客': 1, '近日': 1, '一名': 1, '用餐': 1, '熱議': 1, '對此': 1, '不少': 1, '反而': 1, 'PO': 1, 'PTT': 1, '發文': 1, '表示': 1, '每次': 1, '不能': 1, '理解': 1, '不僅': 1, '起來': 1, '不慎': 1, '敲到': 1, '牙齒': 1, '還相': 1, '當痛': 1, '不禁': 1, '皺眉': 1, '直呼': 1, '沒人': 1, '發現': 1, '貼文': 1, '一出': 1, '討論': 1, '多數': 1, '支持': 1, '材質': 1, '認為': 1, '這樣': 1, '才能': 1, '避免': 1, '至少': 1, '不是': 1, '美耐皿': 1, '那種': 1, '優點': 1, '不會': 1, '劑的湯': 1, '很少': 1, '店家': 1, '願意用': 1, '餐飲業': 1, '最頂': 1, '還有': 1, '碗觸': 1, '發出鏘鏘聲': 1, '對味': 1, '不過': 1, '反映': 1, '有些': 1, '分店': 1, '換掉': 1, '交情': 1, '喜宴': 1, '多少': 1, '數字': 1})","{'湯匙': 10, '網友': 6, '三商巧福': 4, '商巧福': 4, '內用': 3, '這種': 3, '抱怨': 2, '很重': 2, '台灣': 2, '餐廳': 2}",牛肉麵連鎖店「三商巧福」近日因為有網友抱怨內用湯匙太重而引起熱議。原PO在PTT發文表示，三商巧福使用的陶瓷湯匙拿起來很重，不慎敲到牙齒相當痛，讓他感到困惑。然而，許多網友支持這樣的作法，認為這樣才能避免吃到塑化劑，並表示這種湯匙很少見了，是餐飲業的最高水準。有些
離譜母摩鐵性交易　同行國小女兒也被猥褻,記者楊忠翰／台中報導 ▲張姓工人與女網友完成性交易後，又對她的國小女兒伸出狼爪。（示意圖，非當事人／資料照） 台中市1名張姓工人，去年7月間透過交友軟體結識女子小萱（化名），雙方約在台中市某汽車旅館性交易，小萱帶著國小女兒赴約；張男與小萱完事後，還進一步猥褻女童，甚至張男載送母女返家途中，又一次對女童伸出狼爪，一審法官判張男1年6月徒刑，張男不服提起上訴，二審法官予以緩刑5年。 檢警調查，去年7月底，張男透過交友軟體約小萱性交易，小萱先騎機車載女兒到彰化縣某超商，並由張男載送母女到麗寶樂園搭乘摩天輪，3人再一同入住汽車旅館，張男與小萱完成性交易後，仍進一步猥褻國小女童得逞。 事後張男開車載送母女返回超商，他先讓小萱單獨下車，再開車尾隨對方機車，直到返回小萱住家，張男趁女童下車時，再次對她伸出狼爪，小萱得知後氣憤報案，全案才得以曝光。 張男應訊時坦承犯行，一審法官依強制猥褻罪判他1年6月徒刑，張男認為量刑過重而上訴，並提出提出自白悔過書，自幼家貧未能升學，只能工作賺錢，又不慎從高樓摔落，導致右半邊手腳萎縮，因沒交過女朋友，內心自卑不平衡，才會犯下此案，他已賠償15萬元，與小萱達成和解，請求輕判。 二審法官認為，張男沒有前科，這次又是初犯，犯後態度良好，並與女童家屬達成和解，如期賠償15萬元，應無再犯之虞，遂改判緩刑5年，期間付保護管束，並提供60小時義務勞務及8場法治教育，全案仍可上訴。 獨／三總醫師被擄走！2煞鎮暴槍勒索400萬,"Counter({'小萱': 5, '女童': 5, '性交易': 4, '法官': 4, '伸出': 3, '母女': 3, '上訴': 3, '工人': 2, '完成': 2, '小女': 2, '台中市': 2, '去年': 2, '交友': 2, '軟體': 2, '旅館': 2, '一步': 2, '猥褻': 2, '一審': 2, '徒刑': 2, '二審': 2, '緩刑': 2, '車載': 2, '超商': 2, '返回': 2, '下車': 2, '全案': 2, '認為': 2, '提出': 2, '賠償': 2, '15': 2, '萬元': 2, '達成': 2, '和解': 2, '記者': 1, '楊忠翰': 1, '台中': 1, '報導': 1, '張姓': 1, '網友': 1, '的國': 1, '示意': 1, '非當事': 1, '資料': 1, '名張': 1, '月間': 1, '透過': 1, '結識': 1, '女子': 1, '化名': 1, '雙方約': 1, '某汽車': 1, '著國': 1, '完事': 1, '還進': 1, '甚至': 1, '張男載': 1, '返家': 1, '途中': 1, '一次': 1, '判張': 1, '不服': 1, '提起': 1, '予以': 1, '檢警': 1, '調查': 1, '月底': 1, '張男透過': 1, '騎機': 1, '女兒': 1, '彰化': 1, '並由張': 1, '男載': 1, '到麗寶樂園': 1, '搭乘': 1, '摩天': 1, '一同': 1, '入住': 1, '汽車': 1, '仍進': 1, '褻國': 1, '得逞': 1, '事後張': 1, '男開': 1, '單獨': 1, '開車': 1, '隨對方': 1, '機車': 1, '直到': 1, '住家': 1, '再次': 1, '得知': 1, '氣憤': 1, '報案': 1, '得以': 1, '曝光': 1, '張男應': 1, '坦承': 1, '犯行': 1, '依強制': 1, '罪判': 1, '張男': 1, '量刑': 1, '過重': 1, '自白': 1, '悔過': 1, '自幼': 1, '家貧': 1, '未能': 1, '升學': 1, '只能': 1, '工作': 1, '不慎': 1, '高樓': 1, '導致': 1, '右半': 1, '邊手': 1, '萎縮': 1, '沒交過': 1, '女朋友': 1, '內心': 1, '自卑': 1, '平衡': 1, '犯下': 1, '此案': 1, '請求': 1, '輕判': 1, '前科': 1, '這次': 1, '初犯': 1, '犯後態度': 1, '良好': 1, '並與': 1, '家屬': 1, '如期': 1, '再犯': 1, '之虞': 1, '改判': 1, '期間': 1, '付保護': 1, '管束': 1, '提供': 1, '60': 1, '小時': 1, '義務': 1, '勞務及': 1, '法治': 1, '教育': 1, '三總醫師': 1, '煞鎮': 1, '暴槍': 1, '勒索': 1, '400': 1})","{'小萱': 5, '女童': 5, '性交易': 4, '法官': 4, '伸出': 3, '母女': 3, '上訴': 3, '工人': 2, '完成': 2, '小女': 2}",台中市一名姓張的工人透過交友軟體結識女子後，在汽車旅館進行性交易，之後對女子的國小女兒進行猥褻行為。初審法官判張男1年6個月，張男上訴後二審法官改判為緩刑5年，提供保護管束及義務勞務。張男自稱內心自卑並表示悔過，已與女童家屬達成和解並賠償15萬元。
台中澄清醫院爆無差別攻擊！9醫護掛彩,記者林意筑／台中報導 ▲台中平等澄清醫院傳出醫護人員遭前員工毆傷。（圖／翻攝畫面） 台中澄清醫院驚傳無差別攻擊事件，一名49歲向姓男子之前曾是平等澄清醫院的員工，今（29）日上午8時許進入院區後，無故對著多名醫護人員揮拳攻擊，其他人員見狀後紛紛衝上前欲他壓制，不過卻反遭他毆傷，警方獲報到場後，將他依違反醫療法現行犯逮捕送辦，最後總計有9名醫護受傷，所幸均無生命危險。 據悉，向男多年前曾在澄清醫院平等院區擔任保全工作，昨日晚間向男與一名街友先到中區，像某旅社要求替街友辦理入住一個月，但遭業者拒絕，隨後向男便語無倫次對著櫃檯人員大罵、拍打玻璃後就離開。 直到今天上午向男又前往澄清醫院，他走進急診室後，對著辦公室內多名醫護人員拳打腳踢，甚至毀損大廳塑膠隔板、立牌，其他醫護人員見狀後都衝出來幫忙壓制，不過卻反遭攻擊，至少9名醫護人員受傷，無病患受到攻擊，所幸皆僅受輕傷、無大礙。 警方獲報到場發現向男徒手攻擊醫護人員共9人，均造成表皮擦挫輕傷無大礙，警方現場依違反醫療法現行犯上銬逮捕，後續偵辦中。 不良行為，請勿模仿！ 獨／三總醫師被擄走！2煞鎮暴槍勒索400萬,"Counter({'澄清': 5, '醫院': 5, '醫護': 5, '攻擊': 5, '平等': 3, '警方': 3, '毆傷': 2, '一名': 2, '多名': 2, '壓制': 2, '不過': 2, '反遭': 2, '獲報': 2, '到場': 2, '依違': 2, '反醫療': 2, '逮捕': 2, '名醫護': 2, '受傷': 2, '所幸': 2, '街友': 2, '人員': 2, '無大礙': 2, '記者': 1, '林意筑': 1, '台中': 1, '報導': 1, '傳出': 1, '人員遭': 1, '前員工': 1, '翻攝': 1, '畫面': 1, '驚傳': 1, '差別': 1, '事件': 1, '49': 1, '男子': 1, '之前': 1, '員工': 1, '29': 1, '上午': 1, '許進': 1, '入院': 1, '區後': 1, '無故': 1, '人員揮拳': 1, '其他人': 1, '員見': 1, '狀後紛': 1, '紛衝': 1, '上前': 1, '將他': 1, '法現': 1, '行犯': 1, '送辦': 1, '最後總計': 1, '生命': 1, '危險': 1, '據悉': 1, '多年': 1, '院區': 1, '擔任': 1, '保全': 1, '工作': 1, '昨日': 1, '晚間': 1, '先到': 1, '中區': 1, '旅社': 1, '要求': 1, '辦理': 1, '入住': 1, '一個': 1, '遭業者': 1, '拒絕': 1, '隨後向': 1, '語無倫次': 1, '著櫃': 1, '人員大': 1, '拍打': 1, '玻璃': 1, '離開': 1, '直到': 1, '今天上午': 1, '前往': 1, '進急': 1, '診室': 1, '著辦': 1, '公室': 1, '拳打': 1, '甚至': 1, '毀損': 1, '大廳': 1, '塑膠': 1, '隔板': 1, '立牌': 1, '其他': 1, '人員見': 1, '狀後都': 1, '衝出': 1, '幫忙': 1, '至少': 1, '病患': 1, '受到': 1, '僅受': 1, '輕傷': 1, '發現': 1, '徒手': 1, '人員共': 1, '造成': 1, '表皮': 1, '挫輕傷': 1, '現場': 1, '現行': 1, '犯上': 1, '偵辦': 1, '不良': 1, '行為': 1, '模仿': 1, '三總醫師': 1, '煞鎮': 1, '暴槍': 1, '勒索': 1, '400': 1})","{'澄清': 5, '醫院': 5, '醫護': 5, '攻擊': 5, '平等': 3, '警方': 3, '毆傷': 2, '一名': 2, '多名': 2, '壓制': 2}",台中澄清醫院驚傳無差別攻擊事件，一名49歲男子曾是前員工，今天上午進入院區無故對多名醫護人員揮拳攻擊，警方將其逮捕依照醫療法送辦。共有9名醫護人員受傷，但無生命危險。嫌犯昨晚先與街友前往旅社遭拒後發飆，隔天進入急診室對醫護人員攻擊，造成輕傷。警方
獨／餐廳推處女和牛　民眾查編號：是公牛,記者王培驊、王翊軒 / 台北報導 一位民眾發文表示，高檔無菜單料理餐廳，標榜食材是「處女和牛」，也就是30個月內沒有交配的「雌牛」，不過根據店家照片查詢後，發現店內使用「公牛」，氣得控訴店家廣告不實，不過餐廳老闆回應，店內雖然主打「處女牛」，但店內和牛品項多，也有一般和牛和公牛，並非民眾所說的廣告不實。 一道道和牛全是無菜單料理，業者打出使用「處女和牛」，也就是30個月內沒有交配的「雌牛」，吃起來比較沒有乳臭味，藉此吸引客人，但卻被投訴廣告不實。 中華和牛國際交流協會理事長潘豪彬：「他強打這種日本和牛的處女牛為主題，但是我們發現裡面的內容，好像跟他講得不太一樣，他被查證出來都是公牛而不是母牛。」 民眾PO出和業者的對話截圖，因為最近「和牛過期」事件頻傳，要求店家提供食材、日期證明，店家也馬上回傳多張和牛照片，上頭都有註記有效期限，不過民眾注意到「和牛編號」，實際查詢後發現竟然不是處女牛，而是都是「閹割的公牛」認為受到欺騙。 當事店家：「只有日本和牛是處女牛，像澳洲的都不是處女牛，而且我們11道菜只有2道是處女牛，而且我們都會講，這個真的是處女牛，像這個都是同業跟我們一起進的，因為一起進貨肉會比較便宜一點。」 實際前往該店家詢問，老闆表示雖然主打「處女牛」，不過餐廳內和牛品項多，還會提供和牛貨源給火鍋店和燒肉店，擺在店內的不見得都是「處女牛」，當時傳給民眾的照片，也只是提供對方檢查是否過期，並非「處女牛」照片，懷疑是同業競爭才傳出謠言。 當事店家：「台北市本來（店家）生存就很困難，為什麼還要這樣子？是太閒嗎？」 市面上和牛價格肋眼菲力一公斤3千多，羽下肉一公斤1200至1800不等，而所謂的處女和牛、去勢公牛和一般和牛價格差異不大，但油花分布和口感會有些微不同，一般民眾較難分辨，不過也因為這次插曲，意外讓「處女和牛」被大眾知曉。 交情普「喜宴1桌2萬6」包多少？網曝1數字,"Counter({'處女': 9, '店家': 8, '公牛': 5, '不過': 4, '照片': 4, '我們': 4, '民眾': 3, '餐廳': 3, '廣告': 3, '不實': 3, '一般': 3, '不是': 3, '因為': 3, '提供': 3, '表示': 2, '無菜': 2, '料理': 2, '食材': 2, '就是': 2, '30': 2, '交配': 2, '雌牛': 2, '發現': 2, '使用': 2, '雖然': 2, '主打': 2, '牛品': 2, '項多': 2, '日本': 2, '過期': 2, '當事': 2, '只有': 2, '而且': 2, '這個': 2, '同業': 2, '一起': 2, '牛價格': 2, '公斤': 2, '記者': 1, '王培驊': 1, '王翊軒': 1, '台北': 1, '報導': 1, '一位': 1, '發文': 1, '高檔': 1, '標榜': 1, '根據': 1, '查詢': 1, '氣得': 1, '控訴': 1, '回應': 1, '店內': 1, '但店': 1, '並非民眾': 1, '一道道': 1, '全是': 1, '業者': 1, '打出': 1, '起來': 1, '臭味': 1, '藉此': 1, '吸引': 1, '客人': 1, '投訴': 1, '中華': 1, '牛國際': 1, '交流': 1, '協會': 1, '理事': 1, '潘豪彬': 1, '他強': 1, '這種': 1, '牛為': 1, '主題': 1, '但是': 1, '裡面': 1, '內容': 1, '好像': 1, '講得': 1, '一樣': 1, '查證': 1, '出來': 1, '母牛': 1, 'PO': 1, '出和業者': 1, '截圖': 1, '最近': 1, '事件': 1, '頻傳': 1, '要求': 1, '日期': 1, '證明': 1, '傳多張': 1, '上頭': 1, '有效期限': 1, '過民眾': 1, '注意': 1, '編號': 1, '實際查': 1, '詢後發現': 1, '竟然': 1, '而是': 1, '閹割': 1, '認為': 1, '受到': 1, '欺騙': 1, '澳洲': 1, '11': 1, '道菜': 1, '會講': 1, '真的': 1, '進貨肉會': 1, '便宜': 1, '一點': 1, '實際': 1, '前往': 1, '詢問': 1, '還會': 1, '貨源給': 1, '火鍋': 1, '店和燒': 1, '肉店': 1, '不見': 1, '當時': 1, '傳給民眾': 1, '只是': 1, '對方': 1, '檢查': 1, '是否': 1, '並非': 1, '懷疑': 1, '競爭': 1, '傳出': 1, '謠言': 1, '台北市': 1, '本來': 1, '生存': 1, '很困': 1, '什麼': 1, '還要': 1, '這樣子': 1, '太閒': 1, '市面上': 1, '眼菲力': 1, '千多': 1, '羽下': 1, '1200': 1, '1800': 1, '所謂': 1, '去勢': 1, '差異': 1, '不大': 1, '油花': 1, '分布': 1, '口感': 1, '有些': 1, '不同': 1, '分辨': 1, '這次': 1, '插曲': 1, '意外': 1, '大眾': 1, '知曉': 1, '交情': 1, '喜宴': 1, '多少': 1, '數字': 1})","{'處女': 9, '店家': 8, '公牛': 5, '不過': 4, '照片': 4, '我們': 4, '民眾': 3, '餐廳': 3, '廣告': 3, '不實': 3}",有一位民眾在社群平台上發文指控一家高檔無菜單料理餐廳廣告不實，該餐廳標榜使用「處女和牛」，但實際上使用的是公牛。然而，餐廳老闆回應表示，餐廳雖主打處女和牛，同時也有其他和牛品項，民眾的指控並非事實。事件曝光後，引起討論，使得民眾對處女和牛有更多認識，了解價格、口感等差異。
黃仁勳成「3兆男」！登上全球15大富豪,輝達（NVIDIA）股價再創新高，28日收在1139.01美元，市值攀高至2.8兆美元，逼近蘋果（Apple）的2.91兆美元。黃仁勳的身價也隨著水漲船高，達到1000億美元大關，成為全球第15大富豪。 ▲黃仁勳淨資產躍升至1000億美元，折合約新台幣3.23兆元。（圖／記者王翊綺攝影） 受惠人工智慧（AI）浪潮，輝達營運爆炸性成長，第1季營收達260.4億美元，年增262%，預期第2季營收可望進一步攀高至280億美元，財報與展望皆優於市場預期。 此外，輝達決定進行1拆10股票分割計畫，激勵股價急遽走高，28日收盤達到1139.01美元，再創新高，據網站Companiesmarketcap統計，輝達市值2.8兆美元，逼近蘋果的2.91兆美元，居美股第3位。微軟（Microsoft）市值約3.2兆美元，居冠。 輝達今年以來市值激增1.578兆美元，增幅達129%。黃仁勳淨資產躍升至1000億美元，折合約新台幣3.23兆元，在彭博億萬富翁指數中成為全球第15大富翁。 新／黃仁勳、張忠謀大咖齊聚超難訂私廚！,"Counter({'美元': 13, '輝達': 5, '市值': 4, '仁勳': 4, '1000': 3, '股價': 2, '新高': 2, '28': 2, '1139.01': 2, '攀高': 2, '2.8': 2, '逼近': 2, '蘋果': 2, '2.91': 2, '全球': 2, '15': 2, '資產躍': 2, '升至': 2, '折合': 2, '台幣': 2, '3.23': 2, '兆元': 2, '預期': 2, 'NVIDIA': 1, '日收': 1, 'Apple': 1, '身價': 1, '隨著': 1, '水漲': 1, '達到': 1, '大關': 1, '成為': 1, '富豪': 1, '記者': 1, '王翊綺': 1, '攝影': 1, '受惠': 1, '人工智慧': 1, 'AI': 1, '浪潮': 1, '營運': 1, '爆炸性': 1, '成長': 1, '季營': 1, '收達': 1, '260.4': 1, '年增': 1, '262%': 1, '季營收': 1, '可望': 1, '一步': 1, '280': 1, '財報': 1, '展望': 1, '市場': 1, '此外': 1, '決定': 1, '進行': 1, '10': 1, '股票': 1, '分割': 1, '計畫': 1, '激勵': 1, '急遽': 1, '走高': 1, '日收盤': 1, '再創': 1, '網站': 1, 'Companiesmarketcap': 1, '統計': 1, '居美股': 1, '微軟': 1, 'Microsoft': 1, '3.2': 1, '居冠': 1, '今年': 1, '以來': 1, '激增': 1, '1.578': 1, '增幅': 1, '129%': 1, '彭博': 1, '億萬': 1, '富翁': 1, '指數': 1, '中成': 1, '大富翁': 1, '張忠謀大': 1, '咖齊': 1, '聚超': 1, '難訂': 1, '私廚': 1})","{'美元': 13, '輝達': 5, '市值': 4, '仁勳': 4, '1000': 3, '股價': 2, '新高': 2, '28': 2, '1139.01': 2, '攀高': 2}",輝達（NVIDIA）28日再次刷新歷史高點，股價飆至1139.01美元，市值達2.8兆美元，接近蘋果（Apple）的2.91兆美元。公司受益於人工智慧（AI）浪潮，營收成長驚人，第1季營收達260.4億美元，年增262％。輝達計劃進行1拆10股票分割，推動股價飆漲。董事長黃仁勳淨資產突破1000億美元，成為全球第15大富
富國島丟包292台人　品保協會將提告詐欺,記者楊佩琪／台北報導 ▲傳出林大鈞找金主有意東山再起開旅行社，引發各界譁然。（資料照／記者林柏廷攝） 爆發欠款爭議，造成292名台灣旅客被丟包富國島，影響上百旅客無法出團的年代旅遊，繼被觀光署勒令停業3個月，開罰81萬元，台北地檢署也已主動分案，以涉犯詐欺等罪簽分他字案，交由民生專組檢察官偵辦。卻傳出年代旅遊負責人林大鈞想東山再起，找到金主成立新的旅行社。中華民國旅行行業品質保障協會決定將於30日上午，赴台北地檢署對林大鈞及員工等人提告詐欺。 全案源於農曆年節期間，一共292名台灣旅客參加年代旅遊的富國島旅行團後被丟包當地，引發軒然大波。也有越來越多原本預計出遊的旅客，踢爆年代旅遊收了錢，卻連機票都沒買、飯店也沒訂，不排除年代旅遊財務出現黑洞且有擴大趨勢，觀光署因此勒令年代旅遊(美加國際旅行社)停業3個月。 之後觀光署並宣布對年代旅遊開罰81萬元，繳款期限為3月4日，若未繳，將被撤照，林大鈞5年內也不能再經營旅行社。署長周永暉並表示，若可舉證詐欺行為，將會依詐欺罪將林大鈞移送法辦。中華民國旅行業品質保障協會也宣布將年代旅遊出會。 品保協會理事長張永成痛批，觀光署曾會同品保協會到年代旅遊稽查，當時林大鈞在場，也做了相當多承諾，但問題一次爆發，林大鈞所有承諾也通通沒兌現，且銀行帳戶內根本是0，顯然錢一進來立刻就移走，如此財務有嚴重瑕疵卻來繼續接團「根本蓄意詐騙」。 但對此，年代旅遊負責人林大鈞卻兩手一攤，從事件爆發初期還信誓旦旦強調「公司財務沒問題」，發聲明改口「美加國際旅行社有限公司因財務困難無法對旅客負起賠償責任及出團責任」，更引發各界撻伐。 獨／三總醫師被擄走！2煞鎮暴槍勒索400萬,"Counter({'年代': 10, '旅遊': 9, '林大鈞': 7, '旅行社': 5, '旅客': 5, '台北': 3, '引發': 3, '爆發': 3, '觀光署': 3, '旅行': 3, '記者': 2, '傳出': 2, '金主': 2, '東山': 2, '再起': 2, '各界': 2, '292': 2, '名台灣': 2, '丟包': 2, '富國島': 2, '無法': 2, '出團': 2, '勒令': 2, '停業': 2, '開罰': 2, '81': 2, '萬元': 2, '地檢署': 2, '負責人': 2, '中華民國': 2, '保障': 2, '協會': 2, '財務': 2, '美加': 2, '國際': 2, '宣布': 2, '問題': 2, '根本': 2, '楊佩琪': 1, '報導': 1, '有意': 1, '資料': 1, '林柏廷': 1, '欠款': 1, '爭議': 1, '造成': 1, '影響': 1, '上百': 1, '繼被': 1, '已主動': 1, '分案': 1, '以涉': 1, '犯詐': 1, '簽分': 1, '字案': 1, '交由': 1, '民生': 1, '專組': 1, '檢察官': 1, '偵辦': 1, '找到': 1, '成立': 1, '行業': 1, '品質': 1, '決定將': 1, '30': 1, '上午': 1, '及員工': 1, '提告': 1, '案源': 1, '節期間': 1, '一共': 1, '參加': 1, '團後被': 1, '當地': 1, '軒然': 1, '大波': 1, '越來': 1, '原本': 1, '預計': 1, '出遊': 1, '旅遊收': 1, '連機票': 1, '飯店': 1, '沒訂': 1, '排除': 1, '出現': 1, '黑洞': 1, '擴大': 1, '趨勢': 1, '因此': 1, '之後觀': 1, '光署並': 1, '繳款': 1, '期限': 1, '若未繳': 1, '將被': 1, '撤照': 1, '不能': 1, '經營': 1, '署長': 1, '周永暉並': 1, '表示': 1, '可舉': 1, '證詐': 1, '欺行': 1, '將會': 1, '依詐': 1, '欺罪': 1, '將林大鈞': 1, '移送': 1, '法辦': 1, '業品質': 1, '出會': 1, '品保協會': 1, '理事': 1, '張永成': 1, '痛批': 1, '曾會': 1, '同品': 1, '保協會': 1, '稽查': 1, '當時': 1, '在場': 1, '相當': 1, '多承諾': 1, '一次': 1, '所有': 1, '承諾': 1, '通通': 1, '兌現': 1, '銀行': 1, '帳戶': 1, '顯然': 1, '進來': 1, '立刻': 1, '移走': 1, '如此': 1, '財務有': 1, '嚴重': 1, '瑕疵': 1, '繼續': 1, '接團': 1, '蓄意': 1, '詐騙': 1, '兩手': 1, '一攤': 1, '事件': 1, '初期': 1, '信誓旦旦': 1, '強調': 1, '公司': 1, '發聲明': 1, '改口': 1, '有限公司': 1, '因財務': 1, '困難': 1, '負起': 1, '賠償責': 1, '任及': 1, '責任': 1, '三總醫師': 1, '煞鎮': 1, '暴槍': 1, '勒索': 1, '400': 1})","{'年代': 10, '旅遊': 9, '林大鈞': 7, '旅行社': 5, '旅客': 5, '台北': 3, '引發': 3, '爆發': 3, '觀光署': 3, '旅行': 3}",台北報導，由於欠款爭議導致292名台灣旅客被丟包在富國島，年代旅遊停業3個月並被罰款81萬元。林大鈞傳言欲再度開設旅行社，引起議論。旅行業品保協會將提告詐欺，觀光署則未排除以詐欺罪移送林大鈞法辦。另外，旅行業品保協會也宣布將會排除年代旅遊。对此，林大鈞則表示無法對旅客負
新／黃仁勳、張忠謀大咖齊聚超難訂私廚！,記者王翊綺／台北報導 ▲黃仁勳、張忠謀、林百里再訪「鄒記食舖」，圖為今年1月底於該店用餐畫面。（圖／翻攝自Eric Koh臉書） 輝達（NVIDIA）執行長黃仁勳來台，一舉一動受到關注，今（29）晚再訪台北超難預約的的私廚餐廳「鄒記食舖」用餐，同行者還有台積電（2330）創辦人張忠謀、廣達（2382）董事長林百里等人，堪稱「AI大佬」們齊聚！據悉該店也是林百里和鴻海（2317）創辦人郭台銘的愛店，年初林百里就曾帶黃仁勳前往，本次再訪可見一吃就上癮。 鄒記食舖被稱為最難預約的私廚餐廳之一，不僅採全預約制，還必須是熟客才能訂到位子，且店裡一次只接待2桌客人，預約早已整年都客滿。 新／黃仁勳、張忠謀大咖齊聚超難訂私廚！,"Counter({'百里': 4, '仁勳': 3, '鄒記食': 3, '預約': 3, '私廚': 3, '台北': 2, '張忠謀': 2, '再訪': 2, '用餐': 2, '餐廳': 2, '創辦': 2, '記者': 1, '王翊綺': 1, '報導': 1, '圖為': 1, '今年': 1, '月底': 1, '畫面': 1, '翻攝': 1, 'Eric': 1, 'Koh': 1, '臉書': 1, '輝達': 1, 'NVIDIA': 1, '執行長': 1, '一舉': 1, '一動': 1, '受到': 1, '關注': 1, '29': 1, '晚再訪': 1, '超難': 1, '同行者': 1, '還有': 1, '台積電': 1, '2330': 1, '廣達': 1, '2382': 1, '董事': 1, '堪稱': 1, 'AI': 1, '大佬': 1, '齊聚': 1, '據悉': 1, '和鴻海': 1, '2317': 1, '郭台銘': 1, '愛店': 1, '年初': 1, '帶黃仁勳': 1, '前往': 1, '本次': 1, '可見': 1, '最難': 1, '之一': 1, '不僅': 1, '採全': 1, '預約制': 1, '還必須': 1, '熟客': 1, '才能': 1, '訂到': 1, '位子': 1, '店裡': 1, '一次': 1, '接待': 1, '客人': 1, '早已': 1, '整年': 1, '客滿': 1, '張忠謀大': 1, '咖齊': 1, '聚超': 1, '難訂': 1})","{'百里': 4, '仁勳': 3, '鄒記食': 3, '預約': 3, '私廚': 3, '台北': 2, '張忠謀': 2, '再訪': 2, '用餐': 2, '餐廳': 2}",輝達(NVIDIA)執行長黃仁勳與台積電創辦人張忠謀、廣達董事長林百里等大咖，再次造訪台北超難預約的私廚餐廳「鄒記食舖」用餐。這次聚會堪稱「AI大佬」們的齊聚，引發了廣泛關注。鄒記食舖被譽為最難預約的私廚餐廳之一，僅接待熟客並一次僅容納兩桌客人，全年預約
周湯豪唱到一半險被撞下舞台！全場看傻眼,記者鄭尹翔／台北報導 ▲周湯豪唱到一半被攝影機撞飛差點跌落舞台。（圖／翻攝自周湯豪IG） 歌手周湯豪近日在社群媒體曬出一段影片，開頭就寫著「我在演唱會唱到一半被撞飛」，而畫面中則是攝影機的視角，當周湯豪唱到一半，就突然往他的方向直直衝，整個人就是要往觀眾的方向跌落，還好當時有人幫他扶了一把，不然不只跌倒，還會整個人掉下去。 ▲周湯豪唱到一半被攝影機撞飛差點跌落舞台。（圖／翻攝自周湯豪IG） 周湯豪曬出自己被撞飛的影片，發文還寫著「尬Damn」，而影片中，原本正在台上賣力演出，沒想到舞台前方的軌道攝影機，突然往前衝，但一不小心衝過頭，就直接把周湯豪給撞飛，撞擊力道之大，還讓他一度差點摔下舞台跌入觀眾群。 ▲周湯豪日前演出差點跌落舞台。（圖／環球音樂提供） 有粉絲透露這是周湯豪在馬來西亞站的演出，但這被撞飛的畫面曝光，粉絲則是留言笑說「好可愛」，因為周湯豪被撞之後，傻眼的表情超可愛，但也有粉絲要周湯豪注意安全，而周湯豪在影片字幕上也說「我真的嚇爛」、「差點就噴出去」。 ※ 本網頁已閒置超過5分鐘，請點擊右上關閉鈕，即可關閉。 周湯豪唱到一半險被撞下舞台！全場看傻眼 驚險影片一刀未剪 | 娛樂星聞,"Counter({'舞台': 6, '周湯': 5, '一半': 5, '差點': 5, '周湯豪': 5, '影片': 5, '攝影機': 4, '跌落': 4, '湯豪': 4, '豪唱到': 3, '演出': 3, '翻攝': 2, '自周': 2, 'IG': 2, '畫面': 2, '突然': 2, '方向': 2, '整個': 2, '觀眾': 2, '傻眼': 2, '記者': 1, '尹翔': 1, '台北': 1, '報導': 1, '歌手': 1, '近日': 1, '社群': 1, '媒體': 1, '一段': 1, '開頭': 1, '演唱': 1, '會唱到': 1, '中則': 1, '視角': 1, '當周': 1, '直直衝': 1, '就是': 1, '要往': 1, '還好': 1, '當時': 1, '有人': 1, '一把': 1, '不然': 1, '跌倒': 1, '還會': 1, '掉下去': 1, '豪曬出': 1, '自己': 1, '發文': 1, '還寫': 1, 'Damn': 1, '原本': 1, '正在': 1, '台上': 1, '賣力': 1, '想到': 1, '前方': 1, '軌道': 1, '往前': 1, '一不小心': 1, '衝過頭': 1, '直接': 1, '豪給': 1, '撞擊': 1, '力道': 1, '之大': 1, '還讓': 1, '一度': 1, '跌入': 1, '日前': 1, '環球': 1, '音樂': 1, '提供': 1, '粉絲': 1, '透露': 1, '這是': 1, '西亞站': 1, '這被': 1, '曝光': 1, '粉絲則': 1, '留言': 1, '因為': 1, '表情': 1, '超可愛': 1, '粉絲要': 1, '注意安全': 1, '而周': 1, '字幕': 1, '真的': 1, '嚇爛': 1, '就噴': 1, '出去': 1, '本網': 1, '閒置': 1, '超過': 1, '分鐘': 1, '請點': 1, '擊右': 1, '上關': 1, '閉鈕': 1, '即可': 1, '關閉': 1, '全場': 1, '驚險': 1, '一刀': 1, '娛樂星聞': 1})","{'舞台': 6, '周湯': 5, '一半': 5, '差點': 5, '周湯豪': 5, '影片': 5, '攝影機': 4, '跌落': 4, '湯豪': 4, '豪唱到': 3}",歌手周湯豪在演唱會上被攝影機撞飛差點跌落舞台，事發畫面被他分享在社群媒體上。畫面顯示周湯豪唱到一半時，攝影機突然朝他衝來，幸好有人及時扶住他，避免造成嚴重意外。粉絲紛紛留言表達驚訝與擔心，但也有人認為周湯豪的遭遇相當可愛。周湯豪在分享影片時也表示自己嚇壞了。
快樂天堂基金會5年500萬　挹注健保專戶,三立新聞／綜合報導 健保署設置「健保愛心專戶」，幫助弱勢的民眾繳交健保費，快樂天堂基金會拋磚引玉，今年起每年捐一百萬，五年五百萬，幫助更多人。 快樂天堂基金會將愛傳出去，今年起每年捐給健保署一百萬，五年一共五百萬，協助中彰投地區遭逢急難的弱勢民眾繳納健保欠費，共同守護弱勢家庭度過生命難關。 中區健保局業務組組長丁增輝：「那這22年其實有一些民眾，他都持續的捐款給我們，其中有些已經持續捐款20幾年，我們會善用大家捐的善款，好好的照顧當地資源比較缺乏的民眾 。」 「健保愛心專戶」九十一年設立，二十多年來，累積捐款六千多萬，到去年為止幫助五千多人，記者會現場還有一段感人故事，廖爸爸的兒子在大阪工作猝死，無力帶回台灣安葬，快樂天堂基金會克服困難，最終把死者的骨灰帶回家。 快樂天堂基金會董事長張雪如：「那我們希望發起就是能夠拋磚引玉，讓每一個慈善家每一個人，然後我們來幫助這些，在弱勢裡面繳不起健保費的這些人，那我們把愛傳出去 。」 健保署攜手快樂天堂基金會，透過多元管道援助經濟困難的民眾繳交健保費，延續愛的傳遞。 交情普「喜宴1桌2萬6」包多少？網曝1數字,"Counter({'天堂': 5, '基金': 5, '幫助': 4, '民眾': 4, '快樂': 4, '健保署': 3, '捐款': 3, '我們': 3, '健保愛心': 2, '專戶': 2, '弱勢': 2, '繳交健': 2, '保費': 2, '拋磚': 2, '引玉': 2, '今年': 2, '每年': 2, '一百': 2, '五年': 2, '五百': 2, '愛傳': 2, '出去': 2, '持續': 2, '困難': 2, '這些': 2, '立新': 1, '綜合': 1, '報導': 1, '設置': 1, '會將': 1, '捐給': 1, '一共': 1, '協助': 1, '中彰': 1, '投地區': 1, '遭逢': 1, '急難': 1, '勢民眾': 1, '繳納': 1, '健保': 1, '欠費': 1, '共同': 1, '守護': 1, '家庭': 1, '度過': 1, '生命': 1, '難關': 1, '中區': 1, '健保局': 1, '業務組': 1, '組長': 1, '增輝': 1, '22': 1, '其實': 1, '一些': 1, '給我們': 1, '其中': 1, '有些': 1, '已經': 1, '20': 1, '幾年': 1, '善用': 1, '大家': 1, '善款': 1, '好好': 1, '照顧': 1, '當地': 1, '資源': 1, '缺乏': 1, '十一年': 1, '設立': 1, '二十多年': 1, '累積': 1, '六千多': 1, '去年': 1, '為止': 1, '五千多': 1, '記者': 1, '現場': 1, '還有': 1, '一段': 1, '感人': 1, '故事': 1, '爸爸': 1, '兒子': 1, '大阪': 1, '工作': 1, '猝死': 1, '無力': 1, '回台灣': 1, '安葬': 1, '克服': 1, '最終': 1, '死者': 1, '骨灰': 1, '回家': 1, '董事': 1, '張雪如': 1, '希望': 1, '發起': 1, '就是': 1, '能夠': 1, '一個': 1, '慈善家': 1, '每一個': 1, '然後我們': 1, '勢裡面': 1, '繳不起': 1, '健保費': 1, '手快': 1, '透過': 1, '多元': 1, '管道': 1, '援助': 1, '經濟': 1, '延續': 1, '愛的': 1, '傳遞': 1, '交情': 1, '喜宴': 1, '多少': 1, '數字': 1})","{'天堂': 5, '基金': 5, '幫助': 4, '民眾': 4, '快樂': 4, '健保署': 3, '捐款': 3, '我們': 3, '健保愛心': 2, '專戶': 2}",健保署與快樂天堂基金會攜手設立「健保愛心專戶」，協助有需要的民眾繳交健保費。快樂天堂基金會將每年捐助一百萬元，為期五年共捐五百萬元，幫助中彰投地區的弱勢民眾。過去二十多年來，「健保愛心專戶」已經累積捐款六千多萬元，幫助了五千多人。快樂天堂基金會董事長希望透過
SWAG合體雞排妹？陳沂有想　轟：言行不一,娛樂中心／綜合報導 ▲陳沂被問到是否找「宿敵」雞排妹在SWAG直播，竟回答「我其實有想，但是怕被說性騷擾。」（圖／FHM提供、翻攝自雞排妹IG） 網紅陳沂與鄭家純（雞排妹）3年前與在直播大戰，雞排妹不滿自己的手機號碼被陳沂唸出，也在她臉書公布陳沂手機號碼，最高法院上月依違反《個資法》判處鄭徒刑3月，得易科罰金9萬元確定，雞排妹後來繳罰金9萬免關。陳沂近日加入SWAG，被問到是否想找「宿敵」雞排妹一起直播，陳沂竟回答「我其實有想，但是我怕被說性騷擾。」 ▲陳沂被問到是否找「宿敵」雞排妹在SWAG直播，竟回答「我其實有想，但是怕被說性騷擾。」（圖／記者鄭孟晃攝） SWAG邀請陳沂加入SWAG，首場處女直播秀定在5/29晚間10點半，將合體「前海龍蛙兵」壹柒柒。根據《中時新聞網》報導，被問是否想找「宿敵」雞排妹一起在SWAG直播，陳沂回答「我其實有想，但是我怕被說性騷擾，而且我也很怕就是雞排妹會先寄存證信函給我，說我性騷擾她。因為雞排妹怎麼都要說別人性騷擾，誰知道。」陳沂也酸雞排妹「言行不一，不要明明嘴巴在講情色，可是又要回頭說人家性騷擾這些的，就在自打嘴巴。」陳沂認為真正的女權，是女性獨立自主、男女平權，而非追求特權。 ▲陳沂維基百科多了一個「色情演員」身分，讓她非常滿意大讚「必須稱讚維基百科此效率」。（圖／翻攝自陳沂IG） 陳沂今天也開心在社群PO出自己維基百科的資訊，看到除了有台灣網路名人、活動主持人等身分，現在還多了一個「色情演員」，讓她非常滿意大讚「必須稱讚維基百科此效率」。事實上，陳沂昨天才在SWAG記者會點名羅志祥，「大家都說羅志祥只有空幹，我想約羅志祥實X，祥祥就是口碑好！姿勢我全力配合需求，祥祥你要怎樣都可以！」被問到羅志祥是性幻對象？她則說「是我所有幻想的對象，是我的夢中情人，我的心只有祥祥。」 ※ 本網頁已閒置超過5分鐘，請點擊右上關閉鈕，即可關閉。 SWAG合體雞排妹？陳沂給驚人答案「其實有想」 轟她言行不一：自打嘴巴 | 娛樂星聞,"Counter({'排妹': 10, 'SWAG': 8, '直播': 6, '騷擾': 6, '其實': 5, '是否': 4, '宿敵': 4, '回答': 4, '但是': 4, '說性': 4, '百科': 4, '問到': 3, '祥祥': 3, '報導': 2, '翻攝': 2, 'IG': 2, '自己': 2, '手機': 2, '號碼': 2, '雞排': 2, '加入': 2, '一起': 2, '我怕': 2, '記者': 2, '就是': 2, '言行不一': 2, '打嘴巴': 2, '一個': 2, '色情': 2, '演員': 2, '身分': 2, '非常': 2, '滿意': 2, '必須': 2, '效率': 2, '只有': 2, '對象': 2, '娛樂': 1, '中心': 1, '綜合': 1, 'FHM': 1, '提供': 1, '自雞': 1, '網紅陳沂': 1, '鄭家純': 1, '年前': 1, '大戰': 1, '不滿': 1, '臉書': 1, '公布': 1, '最高法院': 1, '違反': 1, '資法': 1, '判處': 1, '徒刑': 1, '得易': 1, '科罰': 1, '萬元': 1, '確定': 1, '妹後來': 1, '繳罰': 1, '萬免關': 1, '近日': 1, '鄭孟晃': 1, '邀請': 1, '首場': 1, '秀定': 1, '29': 1, '晚間': 1, '10': 1, '點半': 1, '將合體': 1, '前海龍': 1, '壹柒柒': 1, '根據': 1, '中時': 1, '新聞網': 1, '被問': 1, '而且': 1, '妹會': 1, '寄存': 1, '信函': 1, '給我': 1, '我性': 1, '因為': 1, '怎麼': 1, '人性': 1, '知道': 1, '不要': 1, '明明': 1, '嘴巴': 1, '在講': 1, '情色': 1, '可是': 1, '回頭': 1, '人家': 1, '性騷擾': 1, '這些': 1, '認為': 1, '真正': 1, '女權': 1, '女性': 1, '獨立': 1, '自主': 1, '男女': 1, '平權': 1, '追求': 1, '特權': 1, '沂維基': 1, '自陳沂': 1, '今天': 1, '開心': 1, '社群': 1, 'PO': 1, '維基': 1, '資訊': 1, '看到': 1, '除了': 1, '台灣': 1, '網路': 1, '名人': 1, '活動': 1, '主持人': 1, '現在': 1, '還多': 1, '事實': 1, '昨天': 1, '會點': 1, '名羅志祥': 1, '大家': 1, '說羅志祥': 1, '空幹': 1, '我想': 1, '約羅志祥實': 1, '口碑': 1, '姿勢': 1, '全力': 1, '配合': 1, '需求': 1, '怎樣': 1, '可以': 1, '問到羅志祥': 1, '性幻': 1, '她則': 1, '所有': 1, '幻想': 1, '情人': 1, '本網': 1, '閒置': 1, '超過': 1, '分鐘': 1, '請點': 1, '擊右': 1, '上關': 1, '閉鈕': 1, '即可': 1, '關閉': 1, '合體': 1, '沂給': 1, '驚人': 1, '答案': 1, '娛樂星聞': 1})","{'排妹': 10, 'SWAG': 8, '直播': 6, '騷擾': 6, '其實': 5, '是否': 4, '宿敵': 4, '回答': 4, '但是': 4, '說性': 4}",網紅陳沂被問到是否想找「宿敵」雞排妹一起在SWAG直播時，竟回答「我其實有想，但是怕被說性騷擾。」雞排妹和陳沂3年前在直播中發生爭執，法院因雞排妹違反《個資法》判處3月刑期，後來因繳罰金9萬免關。陳沂即將在SWAG進行首場處女直播秀，並批評雞排妹言行不一。此外，陳沂在社群媒體上
瘋狂告白陳沂　鄧佳華背景卻是政壇1女神,娛樂中心／綜合報導 ▲鄧佳華曾陸續告白過多位正妹，去年選前就多次告白立委黃捷。（組合圖／翻攝自臉書） 以FBI帥哥打響名氣，多年來形象舉動奇葩的網紅鄧佳華，曾多次向各路女神傳達愛意。近日，聽聞網紅陳沂即將投入SWAG的消息後，立刻邀約女方拍《華根初上4》，更以「沂～」一語甜蜜稱呼對方。尷尬的是，其實鄧佳華的社群軟體背景，用的還是高顏值得民進黨立委「黃捷」。 近日，鄧佳華拍片消息再次炒得沸沸揚揚，她更直接喊話陳沂「一起拍華根初上第四部，妳可以當我的女角嗎？」陳沂則幽默回道「你可以，但我不可以啊」。僅管被女方委婉打槍，鄧佳華仍甜蜜喊話「沂~從2016到2024我們認識8年了，我還是愛著妳！」，奇特言論讓不少網友看傻眼。 ▲鄧佳華將黃捷設為臉書背景，當時更寫道「這一生我只愛黃捷」。 （圖／翻攝自鄧佳華臉書） 即便他現在瘋狂喊話陳沂拍片，但他臉書的「動態時報」仍舊放著大大張的黃捷，當時更寫道「這一生我只愛黃捷」。網友則紛紛吐槽「喔是哦」、「移情別戀渣男」、「你只適合去吃屎吧，還愛黃捷，一直蹭女生」。 ※ 本網頁已閒置超過5分鐘，請點擊右上關閉鈕，即可關閉。 瘋狂告白陳沂 但鄧佳華背景卻是「政壇1女神」：我一生只愛她 | 娛樂星聞,"Counter({'鄧佳華': 8, '告白': 3, '背景': 3, '可以': 3, '臉書': 3, '一生': 3, '立委': 2, '翻攝': 2, '女神': 2, '近日': 2, '消息': 2, '女方': 2, '甜蜜': 2, '還是': 2, '拍片': 2, '喊話': 2, '當時': 2, '愛黃捷': 2, '娛樂': 1, '中心': 1, '綜合': 1, '報導': 1, '陸續': 1, '多位': 1, '正妹': 1, '去年': 1, '選前': 1, '多次': 1, '組合圖': 1, '自臉': 1, 'FBI': 1, '帥哥': 1, '打響': 1, '名氣': 1, '多年': 1, '形象': 1, '舉動': 1, '奇葩': 1, '網紅': 1, '曾多次': 1, '各路': 1, '傳達': 1, '愛意': 1, '聽聞': 1, '網紅陳沂': 1, '即將': 1, '投入': 1, 'SWAG': 1, '立刻': 1, '邀約': 1, '華根初': 1, '一語': 1, '稱呼': 1, '對方': 1, '尷尬': 1, '其實': 1, '社群': 1, '軟體': 1, '高顏': 1, '值得': 1, '民進': 1, '再次': 1, '炒得': 1, '沸沸': 1, '揚揚': 1, '直接': 1, '一起': 1, '拍華根': 1, '第四部': 1, '當我': 1, '女角': 1, '沂則': 1, '幽默': 1, '僅管': 1, '委婉': 1, '打槍': 1, '2016': 1, '2024': 1, '我們': 1, '認識': 1, '愛著': 1, '奇特': 1, '言論': 1, '不少': 1, '網友': 1, '傻眼': 1, '將黃捷': 1, '設為': 1, '即便': 1, '他現': 1, '狂喊': 1, '動態': 1, '時報': 1, '仍舊': 1, '放著': 1, '大大': 1, '網友則': 1, '紛紛': 1, '移情': 1, '別戀': 1, '適合': 1, '吃屎': 1, '還愛黃捷': 1, '一直': 1, '女生': 1, '本網': 1, '閒置': 1, '超過': 1, '分鐘': 1, '請點': 1, '擊右': 1, '上關': 1, '閉鈕': 1, '即可': 1, '關閉': 1, '瘋狂': 1, '政壇': 1, '娛樂星聞': 1})","{'鄧佳華': 8, '告白': 3, '背景': 3, '可以': 3, '臉書': 3, '一生': 3, '立委': 2, '翻攝': 2, '女神': 2, '近日': 2}",網紅鄧佳華近日向網紅陳沂瘋狂告白，甚至邀約拍戲，但他的社群軟體背景卻是高顏值的民進黨立委黃捷。鄧佳華曾在臉書上寫道「這一生我只愛黃捷」，引來網友吐槽與批評。雖然被陳沂婉拒，鄧佳華仍堅持表達愛意，此舉引起不少網友傻眼。
週末鋒面抵！全台一片紫藍　好天氣等這天,三立準氣象／黃依婷報導 ▲今日主要雨勢在午後中南部山區。 今（29）日中南部山區午後仍有雲層發展，不過其他時間跟昨（28）日比起已明顯好轉，從雷達回波圖也可觀察到午後山區的對流現象，主要都在中南部消長，且都是強烈的雷雨胞，因此氣象局也在午間發布大雷雨特報，甚至對屏東還有發出小範圍的豪雨特報。 三立氣象主播吳德榮指出，今日主要在桃園以南大致上都有下過雨，不過主要的雨勢還是出現在下午過後中南部山區；至於氣溫方面，由於降雨都出現在山區，因此白天中南部仍有33、34度高溫，北部天氣則偏涼，今日高溫大約僅有29度，從定量降雨日報也可得知，明日天氣主要還是出現在午後降雨，且仍屬山區雨勢較大，不過南台灣水氣也增加，因此會有不定時短暫陣雨的現象。 ▲明後2天都有西南風，為午後對流旺盛的主要原因。 吳德榮指出，地面天氣圖顯示，明後2天都有些西南風，也是造成午後對流旺盛的主要原因，不過天氣大致上仍是比較穩定，且氣溫逐漸升高，北台灣高溫約32、33度，體感上較為悶熱，可是週六、週日2天鋒面已在台灣上空，要慎防劇烈天氣，且氣溫也會隨之下降，週日白天高溫僅有26度，明顯變涼。 ▲週末2天鋒面在台灣上空。 吳德榮強調，根據歐洲電腦模擬預測圖顯示，週末2天鋒面就在台灣上空，再加上南海北上的水氣，因此天氣是很不穩定的，會有中小尺度的對流系統發展，要慎防小範圍雷擊、強風以及瞬間強降雨，要特別防範劇烈天氣的發生，不過週一天氣就會好轉，白天氣溫也會跟著回升，高溫可達31度。 交情普「喜宴1桌2萬6」包多少？網曝1數字,"Counter({'主要': 7, '中南部': 5, '不過': 5, '天氣': 5, '因此': 4, '氣溫': 4, '降雨': 4, '今日': 3, '雨勢': 3, '山區': 3, '吳德榮': 3, '出現': 3, '白天': 3, '天鋒面': 3, '台灣': 3, '上空': 3, '三立': 2, '29': 2, '發展': 2, '現象': 2, '雷雨': 2, '特報': 2, '小範圍': 2, '指出': 2, '大致': 2, '還是': 2, '33': 2, '高溫': 2, '西南': 2, '午後對流': 2, '旺盛': 2, '原因': 2, '顯示': 2, '穩定': 2, '週日': 2, '慎防': 2, '週末': 2, '準氣象': 1, '依婷': 1, '報導': 1, '山區午': 1, '雲層': 1, '其他': 1, '時間': 1, '28': 1, '比起': 1, '已明': 1, '顯好轉': 1, '從雷達': 1, '回波': 1, '觀察到': 1, '午後山區': 1, '對流': 1, '消長': 1, '強烈': 1, '氣象局': 1, '午間': 1, '發布': 1, '甚至': 1, '屏東': 1, '還有': 1, '發出': 1, '豪雨': 1, '氣象': 1, '主播': 1, '桃園': 1, '以南': 1, '過雨': 1, '下午': 1, '過後': 1, '至於': 1, '方面': 1, '34': 1, '度高溫': 1, '北部': 1, '天氣則': 1, '偏涼': 1, '大約僅': 1, '定量': 1, '日報': 1, '得知': 1, '明日': 1, '屬山區': 1, '南台': 1, '灣水氣': 1, '增加': 1, '不定': 1, '時短': 1, '暫陣雨': 1, '地面': 1, '天氣圖': 1, '天都': 1, '有些': 1, '造成': 1, '逐漸': 1, '升高': 1, '北台': 1, '灣高溫': 1, '32': 1, '體感': 1, '悶熱': 1, '可是': 1, '週六': 1, '劇烈': 1, '隨之': 1, '下降': 1, '高溫僅': 1, '26': 1, '明顯': 1, '變涼': 1, '強調': 1, '根據': 1, '歐洲': 1, '電腦': 1, '模擬': 1, '預測': 1, '加上': 1, '南海': 1, '北上': 1, '水氣': 1, '中小': 1, '尺度': 1, '流系統': 1, '雷擊': 1, '強風': 1, '以及': 1, '瞬間強': 1, '特別': 1, '防範劇烈': 1, '發生': 1, '一天': 1, '氣就會': 1, '好轉': 1, '回升': 1, '可達': 1, '31': 1, '交情': 1, '喜宴': 1, '多少': 1, '數字': 1})","{'主要': 7, '中南部': 5, '不過': 5, '天氣': 5, '因此': 4, '氣溫': 4, '降雨': 4, '今日': 3, '雨勢': 3, '山區': 3}",今天中南部山區仍有雲層發展且午後有雷雨，氣象局發布大雷雨特報，尤其對屏東發出小範圍豪雨特報。主播指出，主要雨勢集中在中南部山區，氣溫仍高達33至34度，天氣局預測明日仍有午後降雨，但南台灣也會有不定時短暫陣雨。明後2天西南風增強導致午後對流旺盛，氣溫逐漸上升，但週末將受鋒面影響，氣
獨／三總名醫單獨看診　掀女病患內衣挨告,記者徐湘芸、鄭翔仁／台北報導 這名被擄走的陳姓名醫，過去就有不少爭議。之前一名女病患在沒有護理師陪同下，被帶到小房間診療，過程中醫師未告知突然掀開內衣，疑似還觸碰到胸部，讓女病患感到不適；雙方以2萬元達成和解，陳姓名醫獲得不起訴處分。但女病患再度出面，表示當下只是想要一個道歉，不在意和解金額，事後也將這筆錢全數捐出。 凌晨3點病患掛急診，獨自被醫師帶到診間。躺下後一切看似正常，但下一秒醫師未告知情況下，突然掀開病患內衣，讓女病患當下不知所措。 遭性騷女病患：「（事發）一年之後，然後我們才開始進和解，才知道我從原告轉被告，就是他有反告我妨害名譽。那時候我年紀也還小，25、26歲，所以那時候當然，最後你會希望把這件事情就快結束掉，那時候的確我們也最後達成和解，有很大一部分是我不想再跟他繼續耗下去。」 回想起5年前那一晚，就像是一場噩夢。高小姐當時突發蕁麻疹，前往內湖三總醫院急診，當時由陳姓名醫看診，在護理師陪同下沒有異狀，但醫師突然表示要再次確認，把人帶到員工專用診療室獨自看診；更掀開內衣，疑似還有觸碰到胸部。 醫院獲報後通報性騷擾申訴會表示，陳醫師任職以來沒有被申訴性騷擾紀錄，已證實聲請人是執行醫療行為，另外兩人已達成和解，因此獲得不起訴處分。 遭性騷女病患：「那兩萬塊（和解金）最後我是捐掉，我們從頭到尾要的都是一個道歉，因為他前面是完全堅持不道歉，道歉之後我當然就覺得那件事就快點結束。」 令人困惑的是，一般醫師門診都會有護理師陪同，為何二次看診會發生醫師和病患單獨相處？陳姓醫師當下表示，是因為急診室太忙，並非故意不遵守程序，屬於正常診療範圍，未逾矩。事隔5年後又被爆出感情糾紛，不論是為情還是為財，也讓名醫的爭議事件再添一樁。 尊重身體自主權！請撥打113、110 獨／三總醫師被擄走！2煞鎮暴槍勒索400萬,"Counter({'病患': 9, '醫師': 7, '和解': 6, '表示': 4, '道歉': 4, '姓名': 3, '護理師': 3, '陪同': 3, '突然': 3, '掀開': 3, '內衣': 3, '當下': 3, '那時候': 3, '爭議': 2, '診療': 2, '告知': 2, '疑似': 2, '碰到': 2, '胸部': 2, '起訴': 2, '處分': 2, '一個': 2, '獨自': 2, '正常': 2, '遭性': 2, '騷女': 2, '當然': 2, '結束': 2, '當時': 2, '騷擾': 2, '申訴': 2, '因為': 2, '記者': 1, '徐湘芸': 1, '鄭翔仁': 1, '台北': 1, '報導': 1, '這名': 1, '過去': 1, '不少': 1, '之前': 1, '一名': 1, '小房': 1, '過程': 1, '還觸': 1, '感到': 1, '不適': 1, '雙方以': 1, '萬元': 1, '達成': 1, '醫獲': 1, '再度': 1, '出面': 1, '只是': 1, '想要': 1, '不在意': 1, '金額': 1, '事後也將': 1, '這筆': 1, '全數': 1, '捐出': 1, '凌晨': 1, '掛急診': 1, '診間': 1, '一切': 1, '看似': 1, '一秒': 1, '情況': 1, '不知所措': 1, '事發': 1, '一年': 1, '然後我們': 1, '開始': 1, '知道': 1, '原告': 1, '被告': 1, '就是': 1, '反告': 1, '妨害': 1, '名譽': 1, '年紀': 1, '還小': 1, '25': 1, '26': 1, '所以': 1, '希望': 1, '這件': 1, '事情': 1, '確我們': 1, '最後達成': 1, '很大': 1, '一部分': 1, '不想': 1, '繼續': 1, '下去': 1, '想起': 1, '年前': 1, '那一晚': 1, '像是': 1, '一場': 1, '噩夢': 1, '小姐': 1, '突發': 1, '蕁麻疹': 1, '前往': 1, '內湖': 1, '總醫院': 1, '急診': 1, '醫看': 1, '異狀': 1, '再次': 1, '確認': 1, '到員工': 1, '專用': 1, '診療室': 1, '看診': 1, '還有觸': 1, '醫院': 1, '報後通': 1, '報性': 1, '任職': 1, '以來': 1, '紀錄': 1, '已證': 1, '實聲': 1, '執行': 1, '醫療': 1, '行為': 1, '另外': 1, '兩人': 1, '已達成': 1, '因此': 1, '獲得': 1, '兩萬塊': 1, '我們': 1, '從頭': 1, '前面': 1, '完全': 1, '堅持': 1, '覺得': 1, '那件事': 1, '快點': 1, '令人困惑': 1, '一般': 1, '醫師門診': 1, '為何': 1, '二次': 1, '看診會': 1, '發生': 1, '單獨': 1, '相處': 1, '診室': 1, '太忙': 1, '非故意': 1, '遵守': 1, '程序': 1, '範圍': 1, '未逾矩': 1, '事隔': 1, '爆出': 1, '感情': 1, '糾紛': 1, '不論': 1, '為情': 1, '還是': 1, '為財': 1, '名醫': 1, '事件': 1, '再添': 1, '一樁': 1, '尊重': 1, '身體': 1, '自主': 1, '113': 1, '110': 1, '三總醫師': 1, '煞鎮': 1, '暴槍': 1, '勒索': 1, '400': 1})","{'病患': 9, '醫師': 7, '和解': 6, '表示': 4, '道歉': 4, '姓名': 3, '護理師': 3, '陪同': 3, '突然': 3, '掀開': 3}",一名被擄走的陳姓名醫遭指控過去曾性騷女病患，引起爭議。該名女病患在沒有護理師陪同下被帶到診療室，醫師未告知情況下掀開內衣，讓她感到不適，最終雙方和解並不起訴處分。女病患表示當時只希望得到道歉，並全數捐出和解金額。此外，對於醫師單獨看診的疑問，陳醫師解釋
獨／三總醫師被擄走！2煞鎮暴槍勒索400萬,記者凌毓鈞、戴偉臣／台北報導 6日晚間，台北內湖三軍總醫院的陳姓醫師在急診室外被人持槍擄走，原來他跟1名林姓女子有感情和債務糾紛，對方涉嫌找小弟要討400萬債務，陳姓醫師嚇得趕緊提告。目前警方已經逮到2名小弟，並查扣1把空氣鎮暴槍，持續向上追查。 駕駛走在前開了車門，後方還有2名男子緊跟在後，其中這名黑衣男就是三軍總醫院的陳姓醫師，表情緊張不敢反抗，原來他被後方男子持槍擄上車。 記者凌毓鈞：「當時這名陳姓醫師剛從急診室走出來，不僅被跟蹤還遭亮槍恐嚇。」 被擄走的陳姓醫師在三總擔任急診室主治醫師，醫術好又會談吐，還曾上過廣播節目分享醫學知識，這回卻惹上桃花債捲進糾紛。 事發在6日晚間台北內湖區民權東路六段135巷內，是不少三總醫師和護理師上班的必經之路，陳姓醫師會被擄走，原來是和林姓女子有感情和債務糾紛，醫師強調已經還了100萬，但女方不滿涉嫌撂小弟擄人。小弟落網供稱是幫忙討400萬債務，否認被教唆，但另一名小弟全都認了，2人被依妨害自由罪送辦。 律師李育昇：「如果該槍枝是屬於管制物品，甚至還有可能會觸犯槍砲彈藥刀械管制條例，是要處3年以上10年以下的有期徒刑。」 警方認為案件不單純，目前還在向上追查。對此，三軍總醫院回應，陳姓醫師在營外糾紛屬於個人行為，目前由警方偵辦中。 只是已婚醫師還捲進感情債務糾紛，負面形象又添一筆。 獨／三總醫師被擄走！2煞鎮暴槍勒索400萬,"Counter({'醫師': 7, '小弟': 5, '糾紛': 4, '台北': 3, '原來': 3, '感情': 3, '債務': 3, '400': 3, '目前': 3, '警方': 3, '記者': 2, '凌毓鈞': 2, '晚間': 2, '林姓': 2, '女子': 2, '涉嫌': 2, '萬債務': 2, '暴槍': 2, '向上': 2, '追查': 2, '還有': 2, '男子': 2, '這名': 2, '三軍總醫院': 2, '診室': 2, '三總醫師': 2, '管制': 2, '戴偉臣': 1, '報導': 1, '內湖': 1, '總醫院': 1, '急診': 1, '室外': 1, '人持': 1, '對方': 1, '要討': 1, '嚇得': 1, '趕緊': 1, '提告': 1, '已經': 1, '逮到': 1, '查扣': 1, '空氣鎮': 1, '持續': 1, '駕駛': 1, '前開': 1, '車門': 1, '其中': 1, '黑衣': 1, '就是': 1, '表情': 1, '緊張': 1, '不敢': 1, '反抗': 1, '被後方': 1, '持槍': 1, '上車': 1, '當時': 1, '醫師剛': 1, '走出': 1, '不僅': 1, '恐嚇': 1, '總擔': 1, '任急': 1, '主治': 1, '醫術': 1, '還曾': 1, '過廣播': 1, '節目': 1, '分享': 1, '醫學': 1, '知識': 1, '這回': 1, '桃花': 1, '事發': 1, '湖區民權': 1, '東路': 1, '六段': 1, '135': 1, '巷內': 1, '不少': 1, '護理師': 1, '上班': 1, '必經': 1, '之路': 1, '醫師會': 1, '強調': 1, '經還': 1, '100': 1, '女方': 1, '不滿': 1, '擄人': 1, '落網': 1, '供稱': 1, '幫忙': 1, '否認': 1, '教唆': 1, '另一名': 1, '全都': 1, '認了': 1, '妨害自由': 1, '罪送': 1, '律師': 1, '李育': 1, '如果': 1, '槍枝': 1, '是屬': 1, '物品': 1, '甚至': 1, '可能': 1, '會觸': 1, '犯槍': 1, '彈藥': 1, '刀械': 1, '條例': 1, '以上': 1, '10': 1, '以下': 1, '有期徒刑': 1, '認為': 1, '案件': 1, '單純': 1, '還在': 1, '對此': 1, '回應': 1, '營外': 1, '糾紛屬': 1, '人行': 1, '偵辦': 1, '只是': 1, '已婚': 1, '醫師還': 1, '負面': 1, '形象': 1, '一筆': 1, '煞鎮': 1, '勒索': 1})","{'醫師': 7, '小弟': 5, '糾紛': 4, '台北': 3, '原來': 3, '感情': 3, '債務': 3, '400': 3, '目前': 3, '警方': 3}",台北內湖三軍總醫院的陳姓醫師在急診室外被人持槍擄走。原來他與一名林姓女子發生感情和債務糾紛，對方涉嫌找人要求還400萬債務。警方已逮捕了2名涉案者，查扣了一把空氣鎮暴槍，並持續調查。陳姓醫師被擄走的過程被拍攝並曝光，引發社會關注。案件仍在調查中，三
鄧佳華最新發聲：拍片這行業非人人可走,娛樂中心／綜合報導 ▲網紅鄧佳華。（圖／記者邱榮吉攝影） 網紅鄧佳華奇特言論與形象，經常引發話題，繼日前驚為天人的華根初上之後，近日又傳出了多起成人影片相關的話題，還主動邀約話題網紅陳沂拍片，引發外界好奇。事實上，關於拍片一事，今（29）日稍早，鄧佳華就分享了他的心得。 陳沂日前拋出震撼彈，表明投入SWAG，想要爭取「四十路的熟女市場」，先是引爆了話題。鄧佳華立刻表明了當男方意願，近日就說「一起拍華根初上第四部，妳可以當我的女角嗎？」陳沂則幽默回道「你可以，但我不可以啊」。僅管被女方委婉打槍，鄧佳華仍甜蜜喊話「沂~從2016到2024我們認識8年了，我還是愛著妳！」，奇特言論讓不少網友看傻眼。 關於這一行，鄧佳華稍早於臉書連發兩文，簡短地說出心聲：「拍片這個行業，非人人想走 也非人人可走」、「現在自己當老闆了，要懂得格局」。 三立新聞網提醒您： 根據刑法第235條規定，散布、播送或販賣猥褻之文字、圖畫、聲音、影像或其他物品，或公然陳列，或以他法供人觀覽、聽聞者，處2年以下有期徒刑、拘役或科或併科三萬元以下罰金。意圖散布、播送、販賣而製造、持有前項文字、圖畫、聲音、影像及其附著物或其他物品者，亦同。提醒大家勿加入跪求、私給等行列以免觸法。 ※ 本網頁已閒置超過5分鐘，請點擊右上關閉鈕，即可關閉。 想夢幻合體陳沂？鄧佳華感性發聲了：拍片這行業，非人人可走 | 娛樂星聞,"Counter({'鄧佳華': 7, '拍片': 4, '話題': 3, '可以': 3, '人人': 3, '網紅': 2, '奇特': 2, '言論': 2, '日前': 2, '近日': 2, '關於': 2, '稍早': 2, '表明': 2, '散布': 2, '播送': 2, '販賣': 2, '文字': 2, '圖畫': 2, '聲音': 2, '影像': 2, '其他': 2, '物品': 2, '以下': 2, '娛樂': 1, '中心': 1, '綜合': 1, '報導': 1, '記者': 1, '邱榮吉': 1, '攝影': 1, '形象': 1, '經常引': 1, '發話題': 1, '驚為': 1, '天人': 1, '華根初': 1, '傳出': 1, '成人': 1, '影片': 1, '相關': 1, '還主動': 1, '邀約': 1, '網紅陳沂': 1, '引發': 1, '外界': 1, '好奇': 1, '事實': 1, '一事': 1, '29': 1, '分享': 1, '心得': 1, '拋出': 1, '震撼': 1, '投入': 1, 'SWAG': 1, '想要': 1, '爭取': 1, '四十': 1, '熟女': 1, '市場': 1, '先是': 1, '引爆': 1, '立刻': 1, '了當': 1, '男方': 1, '意願': 1, '一起': 1, '拍華根': 1, '第四部': 1, '當我': 1, '女角': 1, '沂則': 1, '幽默': 1, '僅管': 1, '女方': 1, '委婉': 1, '打槍': 1, '甜蜜': 1, '喊話': 1, '2016': 1, '2024': 1, '我們': 1, '認識': 1, '還是': 1, '愛著': 1, '不少': 1, '網友': 1, '傻眼': 1, '一行': 1, '臉書': 1, '連發': 1, '兩文': 1, '簡短': 1, '出心聲': 1, '這個': 1, '行業': 1, '現在': 1, '自己': 1, '當老': 1, '懂得': 1, '格局': 1, '立新': 1, '聞網': 1, '提醒您': 1, '根據': 1, '刑法': 1, '235': 1, '條規定': 1, '公然': 1, '法供': 1, '觀覽': 1, '聽聞者': 1, '有期徒刑': 1, '拘役': 1, '或科': 1, '科三萬元': 1, '罰金': 1, '意圖': 1, '持有': 1, '前項': 1, '及其': 1, '附著物': 1, '提醒': 1, '大家': 1, '加入': 1, '跪求': 1, '私給': 1, '行列': 1, '以免': 1, '觸法': 1, '本網': 1, '閒置': 1, '超過': 1, '分鐘': 1, '請點': 1, '擊右': 1, '上關': 1, '閉鈕': 1, '即可': 1, '關閉': 1, '想夢幻': 1, '合體': 1, '感性': 1, '發聲': 1, '這行業': 1, '娛樂星聞': 1})","{'鄧佳華': 7, '拍片': 4, '話題': 3, '可以': 3, '人人': 3, '網紅': 2, '奇特': 2, '言論': 2, '日前': 2, '近日': 2}",網紅鄧佳華最近引發外界討論，不僅在成人影片相關話題中扮演主角，還邀請網紅陳沂拍片，但遭到對方婉轉拒絕。鄧佳華則表示仍愛著陳沂，並發文強調拍片行業非人人能承受，必須懂得應對各種情況。整起事件讓許多網友感到驚訝。
中捷虧損　明年擬增資20億！盧秀燕這麼說,台中捷運公司連年虧損，資本額新台幣35億元即將用罄，明年再增資20億元。台中市長盧秀燕表示，民國109年中捷公司開始營運就碰到疫情，疫情解封後虧損減少，今年的虧損會再降低。 ▲台中捷運公司連連虧損，明年再增資20億元。台中市議員陳雅惠認為，中捷公司不能一直增資，應該尋求增加收入的副業。（圖／中央社） 台中市議會今（29）天召開市政總質詢，民進黨籍市議員李天生、陳雅惠關心，台中捷運公司資本額35億元，預估明年初會用罄，未來資本額將調增為55億元。 李天生表示，中捷公司106年成立後，107年虧損1.03億元、108年虧損2.05億元、109年虧損5.36億元、110年已虧損6.02億，虧損逐年增高，不好容易111年減少虧損，仍虧損5.91億元及112年虧損5.44億元，113年預計虧損7.34億元。 他說，中捷公司未用心經營，虧損額度持續擴大，加上發生異物入侵、亮槍及殺人等事件，影響營運收入，又無法學習民間業者成功經營案例。陳雅惠則說，中捷公司不能一直增資，應該尋求增加收入的副業。 盧秀燕表示，台中捷運在民國109年4月通車後就遇上疫情，民國109年、110年、111年疫情期間，學生都不能去上學，政府要求大家不要搭乘大眾交通系統，疫情趨緩後，虧損開始降低，今年的虧損也會再降低。 中捷公司董事長顏邦傑說明，在沒有形成路網前，虧損在所難免，但在撙節開支及開源節流下，預估今年度虧損會降至5億；發生重大事件影響流量約10%。增資案已列入114年度重要施政計畫辦理審查中，後續經中捷公司董事會及市府市政會議審議通過後，送市議會審議。 增加副業收入部分，顏邦傑表示，除了現有的廣告、販賣店外，未來將改善車站環境增加商業使用空間，並與電信業者合作提供場地出租，北屯維修機廠、停車場的屋頂設置太陽能光電設備，可為公司帶來售電收入。 交情普「喜宴1桌2萬6」包多少？網曝1數字,"Counter({'虧損': 15, '中捷': 11, '公司': 11, '億元': 10, '疫情': 5, '增資': 4, '表示': 4, '109': 4, '資本額': 3, '台中市': 3, '降低': 3, '不能': 3, '副業': 3, '收入': 3, '35': 2, '明年': 2, '20': 2, '盧秀燕': 2, '民國': 2, '開始': 2, '營運': 2, '減少': 2, '今年': 2, '損會': 2, '一直': 2, '應該': 2, '尋求': 2, '增加收入': 2, '議會': 2, '市政': 2, '天生': 2, '預估': 2, '110': 2, '111': 2, '經營': 2, '發生': 2, '影響': 2, '董事': 2, '顏邦傑': 2, '年度': 2, '審議': 2, '增加': 2, '連年': 1, '台幣': 1, '將用': 1, '碰到': 1, '解封': 1, '連連': 1, '議員陳雅惠': 1, '認為': 1, '中央社': 1, '29': 1, '天召開': 1, '總質詢': 1, '民進': 1, '黨籍': 1, '市議員': 1, '雅惠': 1, '關心': 1, '明年初': 1, '會用': 1, '未來': 1, '將調': 1, '增為': 1, '55': 1, '106': 1, '成立': 1, '107': 1, '1.03': 1, '108': 1, '2.05': 1, '5.36': 1, '6.02': 1, '逐年': 1, '增高': 1, '好容易': 1, '5.91': 1, '億元及': 1, '112': 1, '5.44': 1, '113': 1, '預計': 1, '7.34': 1, '用心': 1, '損額度': 1, '持續': 1, '擴大': 1, '加上': 1, '異物': 1, '入侵': 1, '亮槍': 1, '事件': 1, '無法學': 1, '習民間': 1, '業者': 1, '成功': 1, '案例': 1, '雅惠則': 1, '運在民國': 1, '通車': 1, '遇上': 1, '期間': 1, '學生': 1, '上學': 1, '政府': 1, '要求': 1, '大家': 1, '不要': 1, '搭乘': 1, '大眾': 1, '交通': 1, '系統': 1, '趨緩': 1, '說明': 1, '形成': 1, '網前': 1, '難免': 1, '撙節': 1, '開支': 1, '開源節': 1, '流下': 1, '降至': 1, '重大事件': 1, '流量': 1, '10%': 1, '增資案': 1, '列入': 1, '114': 1, '重要': 1, '施政': 1, '計畫': 1, '辦理': 1, '審查': 1, '續經': 1, '會及': 1, '市府': 1, '會議': 1, '通過': 1, '送市': 1, '部分': 1, '除了': 1, '現有': 1, '廣告': 1, '販賣': 1, '店外': 1, '未來將': 1, '改善': 1, '車站': 1, '環境': 1, '商業': 1, '使用': 1, '空間': 1, '並與': 1, '電信業者': 1, '合作': 1, '提供': 1, '場地': 1, '出租': 1, '北屯': 1, '維修': 1, '機廠': 1, '停車場': 1, '屋頂': 1, '設置': 1, '太陽能': 1, '光電': 1, '設備': 1, '可為': 1, '帶來': 1, '售電': 1, '交情': 1, '喜宴': 1, '多少': 1, '數字': 1})","{'虧損': 15, '中捷': 11, '公司': 11, '億元': 10, '疫情': 5, '增資': 4, '表示': 4, '109': 4, '資本額': 3, '台中市': 3}",台中捷運公司面臨連年虧損，資本額35億元將用罄，預計明年再增資20億元。台中市長盧秀燕指出，受到疫情影響，公司虧損逐年增高，但疫情解封後虧損有所減少，預計今年虧損會再降低。市議員提出中捷公司應尋求增加收入的副業，而公司董事長表示將改善車站環境增加商業使用空間，並與電信業者合作提供場地
獨／網購小魚乾花生咬到磁磚！盛香珍回應,記者羅珮瑜、徐兆緯、何孟哲 / 台北報導 台北一名楊小姐在電商平台上買了3包小魚乾花生，沒想到竟然咬到像磁磚的異物，讓她當下差點牙齒碎裂，事後向廠商回應，但快2個月才回覆，這可能是捕獲小魚時夾帶到的海洋異物。對此，盛香珍表示抱歉，但目前並沒有接獲其他客訴。 倒出小魚乾花生香氣四溢，日前楊小姐在電商平台上一次買了3包產品，卻險些將硬物吞下肚。 投訴人楊小姐：「吃一吃然後就發現，裡面藏了一顆滿大滿傷身體的小石頭，或是磁磚類的，我臼齒在咀嚼它的時候，就壓到牙齦整個神經都在痛」。 4月10日楊小姐下單3包盛香珍的小魚乾花生，一口吃下去瞬間牙齦痛不欲生，拿出來一看嚇一跳，這異物看起來像石頭又像磁磚，事後楊小姐提供問題產品效期、及外包裝條碼，委託電商平台反映給廠商，卻過近2個月才得到回應，廠商表示這可能是捕獲小魚時夾帶到的海洋異物，公司願意退費，並補寄公司新品一箱果凍當作致歉。 投訴人楊小姐：「如果我們的廠商都那麼沒有良心，去製造這種東西，然後客戶也反映都不去反映，然後送我果凍，這個對我來講，好像不是我要的訴求，那我們消費者就活該倒楣，吃那麼硬的東西到肚子裡面去嗎」？ 當初楊小姐因為平台打7折優惠讓她心動下單，沒想到第一次購物卻讓她吃了一肚子氣。 投訴人楊小姐：「一個廠商的信譽跟公司的品管，對我來講是我信不信任這個品牌的原則」。 對此，盛香珍回應事後送檢該批商品無任何食安問題，也未接獲其他消費者食用後有任何身體不適，但接獲電商平台反映，因個資法接觸不到消費者，因此無法第一時間聯繫。業者強調小魚乾花生製成，每批原料都會抽樣檢驗，經油炸混合攪拌後，再通過金檢機和Ｘ光機兩道檢測。這回因小魚乾花生中出現異物，對消費者深感抱歉。 交情普「喜宴1桌2萬6」包多少？網曝1數字,"Counter({'小姐': 8, '平台': 5, '花生': 5, '反映': 4, '消費者': 4, '電商': 3, '異物': 3, '廠商': 3, '回應': 3, '投訴': 3, '公司': 3, '台北': 2, '想到': 2, '磁磚': 2, '可能': 2, '獲小魚': 2, '夾帶': 2, '海洋': 2, '對此': 2, '盛香珍': 2, '表示': 2, '抱歉': 2, '其他': 2, '裡面': 2, '身體': 2, '牙齦': 2, '下單': 2, '小魚': 2, '問題': 2, '我們': 2, '那麼': 2, '這個': 2, '任何': 2, '記者': 1, '徐兆緯': 1, '何孟哲': 1, '報導': 1, '一名': 1, '包小魚': 1, '竟然': 1, '當下': 1, '差點': 1, '牙齒': 1, '碎裂': 1, '事後向': 1, '回覆': 1, '目前': 1, '並沒有': 1, '接獲': 1, '客訴': 1, '出小魚': 1, '香氣': 1, '四溢': 1, '日前': 1, '一次': 1, '包產品': 1, '卻險些將': 1, '硬物': 1, '下肚': 1, '一吃然': 1, '發現': 1, '一顆': 1, '滿大滿傷': 1, '小石': 1, '或是': 1, '磁磚類': 1, '我臼齒': 1, '咀嚼': 1, '時候': 1, '壓到': 1, '整個': 1, '神經': 1, '10': 1, '包盛': 1, '香珍': 1, '一口': 1, '下去': 1, '瞬間': 1, '痛不欲生': 1, '拿出': 1, '看嚇': 1, '這異物': 1, '起來': 1, '石頭': 1, '事後楊': 1, '提供': 1, '產品': 1, '效期': 1, '及外': 1, '包裝': 1, '條碼': 1, '給廠': 1, '過近': 1, '得到': 1, '願意': 1, '退費': 1, '並補': 1, '新品': 1, '一箱': 1, '果凍': 1, '當作': 1, '致歉': 1, '如果': 1, '商都': 1, '沒有': 1, '良心': 1, '然後客': 1, '然後送': 1, '我果': 1, '來講': 1, '好像': 1, '不是': 1, '我要': 1, '訴求': 1, '活該': 1, '倒楣': 1, '東西到': 1, '肚子': 1, '當初': 1, '因為': 1, '優惠': 1, '心動': 1, '第一次': 1, '購物': 1, '一肚子': 1, '一個': 1, '信譽': 1, '品管': 1, '講是': 1, '信任': 1, '品牌': 1, '原則': 1, '事後送': 1, '檢該': 1, '商品': 1, '食安': 1, '未接': 1, '食用': 1, '不適': 1, '但接': 1, '獲電商': 1, '因個': 1, '資法': 1, '接觸': 1, '不到': 1, '因此': 1, '無法': 1, '第一': 1, '時間': 1, '業者': 1, '強調': 1, '每批': 1, '原料': 1, '抽樣': 1, '檢驗': 1, '油炸': 1, '混合': 1, '攪拌': 1, '通過': 1, '金檢機': 1, '光機': 1, '兩道': 1, '檢測': 1, '這回': 1, '因小魚': 1, '中出': 1, '現異物': 1, '深感': 1, '交情': 1, '喜宴': 1, '多少': 1, '數字': 1})","{'小姐': 8, '平台': 5, '花生': 5, '反映': 4, '消費者': 4, '電商': 3, '異物': 3, '廠商': 3, '回應': 3, '投訴': 3}",一名楊小姐在台北購買了3包小魚乾花生，在吃的過程中意外咬到像磁磚的異物，差點讓她的牙齒碎裂。經過近2個月才收到廠商回覆，指可能是捕獲小魚時夾帶到的海洋異物。雖然廠商願意退費並送出補償果凍，但楊小姐表示這樣的回應並不符合她的訴求，並表示擔憂廠商品質和信譽問題。廠商盛
波霸奶茶杯大亨告嫩模　爆送名車還發豪語,記者楊佩琪／台北報導 ▲「波霸奶茶大亨」施宗明對小他20多歲的女模提告求償1.1億餘元。（圖／資料畫面） 有「波霸奶茶大亨」稱號的旅美台商施宗明，控訴28歲陳姓女模詐騙他上億，向台北地方法院提告求償陳女及陳女哥哥應連帶賠償1.1億餘元。台北地方法院29日開庭，陳女的哥哥表示，施男曾送妹妹一輛BMW，還告訴妹妹「放心收」、「這個錢一天就可以賺到」。而且妹妹拒絕施男的追求後不到一個禮拜，施男就提告，他也變成被告，覺得「莫名其妙」。 根據施男提告，他於2023年間因邀約合作拍廣告認識陳姓女模，並開始追求。原本2人以結婚為前提交往，他還大手筆送保時捷休旅車、BMW、愛馬仕名牌包包、珠寶首飾等給陳女，但沒想到才4個月後陳女便開始用各種理由疏遠他，認為陳女根本假裝願意結婚真詐騙，才對陳女提告求償1.1億餘元，並追加陳女哥哥為被告。 陳女哥哥出庭作證時表示，有聽妹妹說過施男在追求她，還送了她一輛BMW，要她放心收下「這個錢一天就可以賺到」，但妹妹沒有同意交往，施男仍死纏爛打，妹妹勉強於2023年10月間赴施男的約，一度還要他注意手機訊息以免施男有過激舉動需要求援。 隔日凌晨，施男酒後情緒激動，也不肯放妹妹離開，妹妹因此請他到酒店陪過夜保護。陳男表示，陪妹妹在酒店房間時，一度聽到施男想開妹妹的房門，但房門有上鏈條所以打不開。 對此，施男的委任律師及陳女的委任律師皆追問，為何陳男不另找地方安頓妹妹。陳男表示，妹妹想等施男酒醒後說清楚，當時也已經晚上了，他在場妹妹比較安全。不過之後陳男改口當時沒法在女友家過夜、妹妹還有東西放在酒店等語，讓施男的律師質疑說詞反覆。 法官則追問陳男當時為何要收下妹妹給的3萬美金及30萬台幣，陳男表示這先前是向妹妹借來週轉買美股的錢，以及扣抵幫忙妹妹代繳的卡費。至於施男提告，也將他列為詐騙共犯，陳男強調，他在施男提告後才知道妹妹有收下保時捷休旅車、名牌包、珠寶首飾等，知道妹妹和施男曾到日本遊玩，但不知道2人發生關係。 法官隨後要求陳男當庭交出手機，要勘驗通訊軟體裡的對話內容，似乎讓陳姓兄妹有點措手不及。全案將於8月14日再度開庭審理。 獨／三總醫師被擄走！2煞鎮暴槍勒索400萬,"Counter({'妹妹': 19, '提告': 7, '表示': 5, '施男': 5, '哥哥': 4, '台北': 3, '求償': 3, '1.1': 3, '億餘元': 3, 'BMW': 3, '追求': 3, '收下': 3, '酒店': 3, '律師': 3, '當時': 3, '知道': 3, '波霸': 2, '奶茶': 2, '大亨': 2, '施宗明': 2, '女模': 2, '地方法院': 2, '開庭': 2, '一輛': 2, '放心': 2, '這個': 2, '一天': 2, '可以': 2, '賺到': 2, '被告': 2, '2023': 2, '結婚': 2, '交往': 2, '保時': 2, '捷休': 2, '旅車': 2, '名牌': 2, '珠寶首飾': 2, '一度': 2, '房門': 2, '委任': 2, '法官': 2, '記者': 1, '楊佩琪': 1, '報導': 1, '20': 1, '多歲': 1, '資料': 1, '畫面': 1, '稱號': 1, '旅美': 1, '台商': 1, '控訴': 1, '28': 1, '模詐': 1, '女及': 1, '應連帶': 1, '賠償': 1, '29': 1, '還告訴': 1, '而且': 1, '拒絕施': 1, '不到': 1, '一個': 1, '禮拜': 1, '變成': 1, '覺得': 1, '莫名其妙': 1, '根據施': 1, '年間': 1, '邀約': 1, '合作': 1, '拍廣告': 1, '認識': 1, '並開始': 1, '原本': 1, '人以': 1, '前提': 1, '還大手': 1, '筆送': 1, '愛馬仕': 1, '包包': 1, '給陳女': 1, '想到': 1, '開始': 1, '各種': 1, '理由': 1, '疏遠': 1, '認為': 1, '根本': 1, '假裝': 1, '願意': 1, '真詐': 1, '追加': 1, '出庭': 1, '作證': 1, '過施': 1, '還送': 1, '沒有': 1, '同意': 1, '纏爛': 1, '勉強': 1, '10': 1, '月間': 1, '還要': 1, '注意': 1, '手機訊息': 1, '以免': 1, '施男有': 1, '過激': 1, '舉動': 1, '需要': 1, '求援': 1, '隔日': 1, '凌晨': 1, '施男酒': 1, '情緒': 1, '激動': 1, '不肯': 1, '離開': 1, '因此': 1, '陪過': 1, '夜保護': 1, '房間': 1, '聽到': 1, '男想開': 1, '鏈條': 1, '所以': 1, '打不開': 1, '對此': 1, '追問': 1, '為何': 1, '地方': 1, '安頓': 1, '想等施': 1, '酒醒': 1, '清楚': 1, '已經': 1, '晚上': 1, '他在場': 1, '比較': 1, '安全': 1, '不過': 1, '之後陳': 1, '改口': 1, '沒法': 1, '女友': 1, '家過': 1, '還有': 1, '東西': 1, '放在': 1, '等語': 1, '質疑': 1, '反覆': 1, '則追問': 1, '何要': 1, '給的': 1, '美金': 1, '30': 1, '萬台幣': 1, '先前': 1, '借來': 1, '週轉': 1, '美股': 1, '以及': 1, '扣抵': 1, '幫忙': 1, '代繳': 1, '卡費': 1, '至於': 1, '也將': 1, '列為': 1, '詐騙': 1, '共犯': 1, '強調': 1, '和施': 1, '日本': 1, '遊玩': 1, '人發': 1, '生關': 1, '隨後': 1, '要求': 1, '當庭': 1, '交出': 1, '手機': 1, '勘驗': 1, '通訊': 1, '軟體裡': 1, '內容': 1, '似乎': 1, '兄妹': 1, '有點': 1, '措手不及': 1, '全案': 1, '將於': 1, '14': 1, '再度': 1, '審理': 1, '三總醫師': 1, '煞鎮': 1, '暴槍': 1, '勒索': 1, '400': 1})","{'妹妹': 19, '提告': 7, '表示': 5, '施男': 5, '哥哥': 4, '台北': 3, '求償': 3, '1.1': 3, '億餘元': 3, 'BMW': 3}",旅美台商施宗明控訴28歲女模詐騙涉案金額高達1.1億餘元，台北地方法院開庭審理。施男指控女模在交往過程中使用各種理由疏遠他，認為被詐騙，並追加女模哥哥為被告。女模哥哥表示施男曾送妹妹車輛及名牌包包，但感到迷茫。法庭上，施男表示妹妹曾要他到酒店過夜，陳男則表示當時為保
